contract_id,customer_id,period_month,seats_active,usage_units_consumed,usage_tier_included,overage_units,overage_revenue,mrr_this_month,amount_billed,is_in_trial,modification_event,modification_delta_mrr,mrr_movement_type,impl_fee_recognized,orig_asset_id,orig_commission_capitalized,orig_commission_amortized,orig_commission_asset_bal,exp_asset_id,exp_commission_capitalized,exp_commission_amortized,exp_commission_asset_bal,commission_event_type,churn_reason
CTR-0001,CUST-0001,2023-01,99.0,,,,,5672.7,5672.7,False,,,new,,ASSET-00001,10210.86,567.27,9643.59,,,,,original_asset_created,
CTR-0001,CUST-0001,2023-02,99.0,,,,,5672.7,5672.7,False,,,,,ASSET-00001,,567.27,9076.32,,,,,,
CTR-0001,CUST-0001,2023-03,99.0,,,,,5672.7,5672.7,False,,,,,ASSET-00001,,567.27,8509.05,,,,,,
CTR-0001,CUST-0001,2023-04,99.0,,,,,5672.7,5672.7,False,,,,,ASSET-00001,,567.27,7941.78,,,,,,
CTR-0001,CUST-0001,2023-05,108.0,,,,,6188.4,6188.4,False,seat_add,515.7,expansion,,ASSET-00001,,567.27,7374.51,ASSET-00002,979.83,54.44,925.39,expansion_asset_created,
CTR-0001,CUST-0001,2023-06,108.0,,,,,6188.4,6188.4,False,,,,,ASSET-00001,,567.27,6807.24,ASSET-00002,,54.44,870.95,,
CTR-0001,CUST-0001,2023-07,108.0,,,,,6188.4,6188.4,False,,,,,ASSET-00001,,567.27,6239.97,ASSET-00002,,54.44,816.51,,
CTR-0001,CUST-0001,2023-08,108.0,,,,,6188.4,6188.4,False,,,,,ASSET-00001,,567.27,5672.7,ASSET-00002,,54.44,762.07,,
CTR-0001,CUST-0001,2023-09,108.0,,,,,6188.4,6188.4,False,,,,,ASSET-00001,,567.27,5105.43,ASSET-00002,,54.44,707.63,,
CTR-0001,CUST-0001,2023-10,108.0,,,,,6188.4,6188.4,False,,,,,ASSET-00001,,567.27,4538.16,ASSET-00002,,54.44,653.19,,
CTR-0001,CUST-0001,2023-11,108.0,,,,,6188.4,6188.4,False,,,,,ASSET-00001,,567.27,3970.89,ASSET-00002,,54.44,598.75,,
CTR-0001,CUST-0001,2023-12,108.0,,,,,6188.4,6188.4,False,,,,,ASSET-00001,,567.27,3403.62,ASSET-00002,,54.44,544.31,,
CTR-0001,CUST-0001,2024-01,108.0,,,,,6188.4,6188.4,False,,,,,ASSET-00001,,567.27,2836.35,ASSET-00002,,54.44,489.87,,
CTR-0001,CUST-0001,2024-02,108.0,,,,,6188.4,6188.4,False,,,,,ASSET-00001,,567.27,2269.08,ASSET-00002,,54.44,435.43,,
CTR-0001,CUST-0001,2024-03,108.0,,,,,6188.4,6188.4,False,,,,,ASSET-00001,,567.27,1701.81,ASSET-00002,,54.44,380.99,,
CTR-0001,CUST-0001,2024-04,108.0,,,,,6188.4,6188.4,False,,,,,ASSET-00001,,567.27,1134.54,ASSET-00002,,54.44,326.55,,
CTR-0001,CUST-0001,2024-05,108.0,,,,,6188.4,6188.4,False,,,,,ASSET-00001,,567.27,567.27,ASSET-00002,,54.44,272.11,,
CTR-0001,CUST-0001,2024-06,108.0,,,,,6188.4,6188.4,False,,,,,ASSET-00001,,567.27,0.0,ASSET-00002,,54.44,217.67,,
CTR-0001,CUST-0001,2024-07,108.0,,,,,6188.4,6188.4,False,,,,,ASSET-00001,,567.27,0.0,ASSET-00002,,54.44,163.23,,
CTR-0001,CUST-0001,2024-08,108.0,,,,,6188.4,6188.4,False,,,,,ASSET-00001,,567.27,0.0,ASSET-00002,,54.44,108.79,,
CTR-0001,CUST-0001,2024-09,108.0,,,,,6188.4,6188.4,False,,,,,ASSET-00001,,567.27,0.0,ASSET-00002,,54.44,54.35,,
CTR-0001,CUST-0001,2024-10,108.0,,,,,6188.4,6188.4,False,,,,,ASSET-00001,,567.27,0.0,ASSET-00002,,54.44,0.0,,
CTR-0001,CUST-0001,2024-11,108.0,,,,,6188.4,6188.4,False,,,,,ASSET-00001,,567.27,0.0,ASSET-00002,,54.44,0.0,,
CTR-0001,CUST-0001,2024-12,108.0,,,,,6188.4,6188.4,False,,,,,ASSET-00001,,567.27,0.0,ASSET-00002,,54.44,0.0,,
CTR-0002,CUST-0002,2023-04,91.0,,,,,10014.55,120174.6,False,,,new,,ASSET-00003,14420.95,600.87,13820.08,,,,,original_asset_created,
CTR-0002,CUST-0002,2023-05,91.0,,,,,10014.55,0.0,False,,,,,ASSET-00003,,600.87,13219.21,,,,,,
CTR-0002,CUST-0002,2023-06,91.0,,,,,10014.55,0.0,False,,,,,ASSET-00003,,600.87,12618.34,,,,,,
CTR-0002,CUST-0002,2023-07,91.0,,,,,10014.55,0.0,False,,,,,ASSET-00003,,600.87,12017.47,,,,,,
CTR-0002,CUST-0002,2023-08,110.0,,,,,12105.5,0.0,False,seat_add,2090.95,expansion,,ASSET-00003,,600.87,11416.6,ASSET-00004,4014.62,167.28,3847.34,expansion_asset_created,
CTR-0002,CUST-0002,2023-09,110.0,,,,,12105.5,0.0,False,,,,,ASSET-00003,,600.87,10815.73,ASSET-00004,,167.28,3680.06,,
CTR-0002,CUST-0002,2023-10,110.0,,,,,12105.5,0.0,False,,,,,ASSET-00003,,600.87,10214.86,ASSET-00004,,167.28,3512.78,,
CTR-0002,CUST-0002,2023-11,110.0,,,,,12105.5,0.0,False,,,,,ASSET-00003,,600.87,9613.99,ASSET-00004,,167.28,3345.5,,
CTR-0002,CUST-0002,2023-12,110.0,,,,,12105.5,0.0,False,,,,,ASSET-00003,,600.87,9013.12,ASSET-00004,,167.28,3178.22,,
CTR-0002,CUST-0002,2024-01,110.0,,,,,12105.5,0.0,False,,,,,ASSET-00003,,600.87,8412.25,ASSET-00004,,167.28,3010.94,,
CTR-0002,CUST-0002,2024-02,110.0,,,,,12105.5,0.0,False,,,,,ASSET-00003,,600.87,7811.38,ASSET-00004,,167.28,2843.66,,
CTR-0002,CUST-0002,2024-03,110.0,,,,,12105.5,0.0,False,,,,,ASSET-00003,,600.87,7210.51,ASSET-00004,,167.28,2676.38,,
CTR-0002,CUST-0002,2024-04,110.0,,,,,12105.5,0.0,False,,,,,ASSET-00003,,600.87,6609.64,ASSET-00004,,167.28,2509.1,,
CTR-0002,CUST-0002,2024-05,110.0,,,,,12105.5,0.0,False,,,,,ASSET-00003,,600.87,6008.77,ASSET-00004,,167.28,2341.82,,
CTR-0002,CUST-0002,2024-06,110.0,,,,,12105.5,0.0,False,,,,,ASSET-00003,,600.87,5407.9,ASSET-00004,,167.28,2174.54,,
CTR-0002,CUST-0002,2024-07,110.0,,,,,12105.5,0.0,False,,,,,ASSET-00003,,600.87,4807.03,ASSET-00004,,167.28,2007.26,,
CTR-0002,CUST-0002,2024-08,110.0,,,,,12105.5,0.0,False,,,,,ASSET-00003,,600.87,4206.16,ASSET-00004,,167.28,1839.98,,
CTR-0002,CUST-0002,2024-09,110.0,,,,,12105.5,0.0,False,,,,,ASSET-00003,,600.87,3605.29,ASSET-00004,,167.28,1672.7,,
CTR-0002,CUST-0002,2024-10,110.0,,,,,12105.5,0.0,False,,,,,ASSET-00003,,600.87,3004.42,ASSET-00004,,167.28,1505.42,,
CTR-0002,CUST-0002,2024-11,110.0,,,,,12105.5,0.0,False,,,,,ASSET-00003,,600.87,2403.55,ASSET-00004,,167.28,1338.14,,
CTR-0002,CUST-0002,2024-12,110.0,,,,,12105.5,0.0,False,,,,,ASSET-00003,,600.87,1802.68,ASSET-00004,,167.28,1170.86,,
CTR-0003,CUST-0003,2024-03,9.0,,,,,1745.37,5236.11,False,,,new,,ASSET-00005,3141.67,87.27,3054.4,,,,,original_asset_created,
CTR-0003,CUST-0003,2024-04,9.0,,,,,1745.37,0.0,False,,,,,ASSET-00005,,87.27,2967.13,,,,,,
CTR-0003,CUST-0003,2024-05,9.0,,,,,1745.37,0.0,False,,,,,ASSET-00005,,87.27,2879.86,,,,,,
CTR-0003,CUST-0003,2024-06,9.0,,,,,1745.37,5236.11,False,,,,,ASSET-00005,,87.27,2792.59,,,,,,
CTR-0003,CUST-0003,2024-07,17.0,,,,,3296.81,0.0,False,seat_add,1551.44,expansion,,ASSET-00005,,87.27,2705.32,ASSET-00006,1861.73,51.71,1810.02,expansion_asset_created,
CTR-0003,CUST-0003,2024-08,17.0,,,,,3296.81,0.0,False,,,,,ASSET-00005,,87.27,2618.05,ASSET-00006,,51.71,1758.31,,
CTR-0003,CUST-0003,2024-09,17.0,,,,,3296.81,9890.43,False,,,,,ASSET-00005,,87.27,2530.78,ASSET-00006,,51.71,1706.6,,
CTR-0003,CUST-0003,2024-10,17.0,,,,,3296.81,0.0,False,,,,,ASSET-00005,,87.27,2443.51,ASSET-00006,,51.71,1654.89,,
CTR-0003,CUST-0003,2024-11,17.0,,,,,3296.81,0.0,False,,,,,ASSET-00005,,87.27,2356.24,ASSET-00006,,51.71,1603.18,,
CTR-0003,CUST-0003,2024-12,17.0,,,,,3296.81,9890.43,False,,,,,ASSET-00005,,87.27,2268.97,ASSET-00006,,51.71,1551.47,,
CTR-0004,CUST-0004,2023-01,76.0,,,,,4411.04,52932.48,False,,,new,1412.28,ASSET-00007,5293.25,294.07,4999.18,,,,,original_asset_created,
CTR-0004,CUST-0004,2023-02,76.0,,,,,4411.04,0.0,False,,,,1412.28,ASSET-00007,,294.07,4705.11,,,,,,
CTR-0004,CUST-0004,2023-03,76.0,,,,,4411.04,0.0,False,,,,1412.28,ASSET-00007,,294.07,4411.04,,,,,,
CTR-0004,CUST-0004,2023-04,76.0,,,,,4411.04,0.0,False,,,,1412.28,ASSET-00007,,294.07,4116.97,,,,,,
CTR-0004,CUST-0004,2023-05,76.0,,,,,4411.04,0.0,False,,,,1412.28,ASSET-00007,,294.07,3822.9,,,,,,
CTR-0004,CUST-0004,2023-06,76.0,,,,,4411.04,0.0,False,,,,1412.28,ASSET-00007,,294.07,3528.83,,,,,,
CTR-0004,CUST-0004,2023-07,76.0,,,,,4411.04,0.0,False,,,,1412.28,ASSET-00007,,294.07,3234.76,,,,,,
CTR-0004,CUST-0004,2023-08,76.0,,,,,4411.04,0.0,False,,,,1412.28,ASSET-00007,,294.07,2940.69,,,,,,
CTR-0004,CUST-0004,2023-09,76.0,,,,,4411.04,0.0,False,,,,1412.28,ASSET-00007,,294.07,2646.62,,,,,,
CTR-0004,CUST-0004,2023-10,76.0,,,,,4411.04,0.0,False,,,,1412.28,ASSET-00007,,294.07,2352.55,,,,,,
CTR-0004,CUST-0004,2023-11,76.0,,,,,4411.04,0.0,False,,,,1412.28,ASSET-00007,,294.07,2058.48,,,,,,
CTR-0004,CUST-0004,2023-12,76.0,,,,,4411.04,0.0,False,,,,1412.28,ASSET-00007,,294.07,1764.41,,,,,,
CTR-0004,CUST-0004,2024-01,76.0,,,,,4411.04,0.0,False,,,,1412.28,ASSET-00007,,294.07,1470.34,,,,,,
CTR-0004,CUST-0004,2024-02,76.0,,,,,4411.04,0.0,False,,,,1412.28,ASSET-00007,,294.07,1176.27,,,,,,
CTR-0004,CUST-0004,2024-03,76.0,,,,,4411.04,0.0,False,,,,1412.28,ASSET-00007,,294.07,882.2,,,,,,
CTR-0004,CUST-0004,2024-04,76.0,,,,,4411.04,0.0,False,,,,1412.28,ASSET-00007,,294.07,588.13,,,,,,
CTR-0004,CUST-0004,2024-05,76.0,,,,,4411.04,0.0,False,,,,1412.28,ASSET-00007,,294.07,294.06,,,,,,
CTR-0004,CUST-0004,2024-06,76.0,,,,,4411.04,0.0,False,,,,1412.28,ASSET-00007,,294.07,0.0,,,,,,
CTR-0004,CUST-0004,2024-07,76.0,,,,,4411.04,0.0,False,,,,1412.28,ASSET-00007,,294.07,0.0,,,,,,
CTR-0004,CUST-0004,2024-08,76.0,,,,,4411.04,0.0,False,,,,1412.28,ASSET-00007,,294.07,0.0,,,,,,
CTR-0004,CUST-0004,2024-09,76.0,,,,,4411.04,0.0,False,,,,1412.28,ASSET-00007,,294.07,0.0,,,,,,
CTR-0004,CUST-0004,2024-10,76.0,,,,,4411.04,0.0,False,,,,1412.28,ASSET-00007,,294.07,0.0,,,,,,
CTR-0004,CUST-0004,2024-11,76.0,,,,,4411.04,0.0,False,,,,1412.28,ASSET-00007,,294.07,0.0,,,,,,
CTR-0004,CUST-0004,2024-12,76.0,,,,,4411.04,0.0,False,,,,1412.28,ASSET-00007,,294.07,0.0,,,,,,
CTR-0005,CUST-0005,2023-08,62.0,,,,,7191.38,7191.38,False,,,new,1718.08,ASSET-00008,20711.17,862.97,19848.2,,,,,original_asset_created,
CTR-0005,CUST-0005,2023-09,62.0,,,,,7191.38,7191.38,False,,,,1718.08,ASSET-00008,,862.97,18985.23,,,,,,
CTR-0005,CUST-0005,2023-10,62.0,,,,,7191.38,7191.38,False,,,,1718.08,ASSET-00008,,862.97,18122.26,,,,,,
CTR-0005,CUST-0005,2023-11,62.0,,,,,7191.38,7191.38,False,,,,1718.08,ASSET-00008,,862.97,17259.29,,,,,,
CTR-0005,CUST-0005,2023-12,62.0,,,,,7191.38,7191.38,False,,,,1718.08,ASSET-00008,,862.97,16396.32,,,,,,
CTR-0005,CUST-0005,2024-01,62.0,,,,,7191.38,7191.38,False,,,,1718.08,ASSET-00008,,862.97,15533.35,,,,,,
CTR-0005,CUST-0005,2024-02,62.0,,,,,7191.38,7191.38,False,,,,1718.08,ASSET-00008,,862.97,14670.38,,,,,,
CTR-0005,CUST-0005,2024-03,62.0,,,,,7191.38,7191.38,False,,,,1718.08,ASSET-00008,,862.97,13807.41,,,,,,
CTR-0005,CUST-0005,2024-04,62.0,,,,,7191.38,7191.38,False,,,,1718.08,ASSET-00008,,862.97,12944.44,,,,,,
CTR-0005,CUST-0005,2024-05,62.0,,,,,7191.38,7191.38,False,,,,1718.08,ASSET-00008,,862.97,12081.47,,,,,,
CTR-0005,CUST-0005,2024-06,62.0,,,,,7191.38,7191.38,False,,,,1718.08,ASSET-00008,,862.97,11218.5,,,,,,
CTR-0005,CUST-0005,2024-07,62.0,,,,,7191.38,7191.38,False,,,,1718.08,ASSET-00008,,862.97,10355.53,,,,,,
CTR-0005,CUST-0005,2024-08,62.0,,,,,7191.38,7191.38,False,,,,1718.08,ASSET-00008,,862.97,9492.56,,,,,,
CTR-0005,CUST-0005,2024-09,62.0,,,,,7191.38,7191.38,False,,,,1718.08,ASSET-00008,,862.97,8629.59,,,,,,
CTR-0005,CUST-0005,2024-10,62.0,,,,,7191.38,7191.38,False,,,,1718.08,ASSET-00008,,862.97,7766.62,,,,,,
CTR-0005,CUST-0005,2024-11,62.0,,,,,7191.38,7191.38,False,,,,1718.08,ASSET-00008,,862.97,6903.65,,,,,,
CTR-0005,CUST-0005,2024-12,62.0,,,,,7191.38,7191.38,False,,,,1718.08,ASSET-00008,,862.97,6040.68,,,,,,
CTR-0006,CUST-0006,2023-06,94.0,,,,,15270.3,183243.6,False,,,new,699.25,ASSET-00009,27486.54,763.51,26723.03,,,,,original_asset_created,
CTR-0006,CUST-0006,2023-07,94.0,,,,,15270.3,0.0,False,,,,699.25,ASSET-00009,,763.51,25959.52,,,,,,
CTR-0006,CUST-0006,2023-08,94.0,,,,,15270.3,0.0,False,,,,699.25,ASSET-00009,,763.51,25196.01,,,,,,
CTR-0006,CUST-0006,2023-09,94.0,,,,,15270.3,0.0,False,,,,699.25,ASSET-00009,,763.51,24432.5,,,,,,
CTR-0006,CUST-0006,2023-10,102.0,,,,,16569.9,0.0,False,seat_add,1299.6,expansion,699.25,ASSET-00009,,763.51,23668.99,ASSET-00010,2729.16,75.81,2653.35,expansion_asset_created,
CTR-0006,CUST-0006,2023-11,102.0,,,,,16569.9,0.0,False,,,,699.25,ASSET-00009,,763.51,22905.48,ASSET-00010,,75.81,2577.54,,
CTR-0006,CUST-0006,2023-12,102.0,,,,,16569.9,0.0,False,,,,699.25,ASSET-00009,,763.51,22141.97,ASSET-00010,,75.81,2501.73,,
CTR-0006,CUST-0006,2024-01,102.0,,,,,16569.9,0.0,False,,,,699.25,ASSET-00009,,763.51,21378.46,ASSET-00010,,75.81,2425.92,,
CTR-0006,CUST-0006,2024-02,102.0,,,,,16569.9,0.0,False,,,,699.25,ASSET-00009,,763.51,20614.95,ASSET-00010,,75.81,2350.11,,
CTR-0006,CUST-0006,2024-03,102.0,,,,,16569.9,0.0,False,,,,699.25,ASSET-00009,,763.51,19851.44,ASSET-00010,,75.81,2274.3,,
CTR-0006,CUST-0006,2024-04,102.0,,,,,16569.9,0.0,False,,,,699.25,ASSET-00009,,763.51,19087.93,ASSET-00010,,75.81,2198.49,,
CTR-0006,CUST-0006,2024-05,102.0,,,,,16569.9,0.0,False,,,,699.25,ASSET-00009,,763.51,18324.42,ASSET-00010,,75.81,2122.68,,
CTR-0006,CUST-0006,2024-06,102.0,,,,,16569.9,0.0,False,,,,699.25,ASSET-00009,,763.51,17560.91,ASSET-00010,,75.81,2046.87,,
CTR-0006,CUST-0006,2024-07,102.0,,,,,16569.9,0.0,False,,,,699.25,ASSET-00009,,763.51,16797.4,ASSET-00010,,75.81,1971.06,,
CTR-0006,CUST-0006,2024-08,102.0,,,,,16569.9,0.0,False,,,,699.25,ASSET-00009,,763.51,16033.89,ASSET-00010,,75.81,1895.25,,
CTR-0006,CUST-0006,2024-09,102.0,,,,,16569.9,0.0,False,,,,699.25,ASSET-00009,,763.51,15270.38,ASSET-00010,,75.81,1819.44,,
CTR-0006,CUST-0006,2024-10,102.0,,,,,16569.9,0.0,False,,,,699.25,ASSET-00009,,763.51,14506.87,ASSET-00010,,75.81,1743.63,,
CTR-0006,CUST-0006,2024-11,102.0,,,,,16569.9,0.0,False,,,,699.25,ASSET-00009,,763.51,13743.36,ASSET-00010,,75.81,1667.82,,
CTR-0006,CUST-0006,2024-12,102.0,,,,,16569.9,0.0,False,,,,699.25,ASSET-00009,,763.51,12979.85,ASSET-00010,,75.81,1592.01,,
CTR-0007,CUST-0007,2023-12,18.0,,,,,1251.36,15016.32,False,,,new,352.04,ASSET-00011,1501.63,83.42,1418.21,,,,,original_asset_created,
CTR-0007,CUST-0007,2024-01,18.0,,,,,1251.36,0.0,False,,,,352.04,ASSET-00011,,83.42,1334.79,,,,,,
CTR-0007,CUST-0007,2024-02,18.0,,,,,1251.36,0.0,False,,,,352.04,ASSET-00011,,83.42,1251.37,,,,,,
CTR-0007,CUST-0007,2024-03,18.0,,,,,1251.36,0.0,False,,,,352.04,ASSET-00011,,83.42,1167.95,,,,,,
CTR-0007,CUST-0007,2024-04,18.0,,,,,1251.36,0.0,False,,,,352.04,ASSET-00011,,83.42,1084.53,,,,,,
CTR-0007,CUST-0007,2024-05,18.0,,,,,1251.36,0.0,False,,,,352.04,ASSET-00011,,83.42,1001.11,,,,,,
CTR-0007,CUST-0007,2024-06,18.0,,,,,1251.36,0.0,False,,,,352.04,ASSET-00011,,83.42,917.69,,,,,,
CTR-0007,CUST-0007,2024-07,18.0,,,,,1251.36,0.0,False,,,,352.04,ASSET-00011,,83.42,834.27,,,,,,
CTR-0007,CUST-0007,2024-08,18.0,,,,,1251.36,0.0,False,early_termination,,churned,352.04,ASSET-00011,,83.42,750.85,,,,,,price
CTR-0008,CUST-0008,2023-05,53.0,,,,,5714.46,5714.46,False,,,new,,ASSET-00012,16457.64,685.74,15771.9,,,,,original_asset_created,
CTR-0008,CUST-0008,2023-06,53.0,,,,,5714.46,5714.46,False,,,,,ASSET-00012,,685.74,15086.16,,,,,,
CTR-0008,CUST-0008,2023-07,53.0,,,,,5714.46,5714.46,False,,,,,ASSET-00012,,685.74,14400.42,,,,,,
CTR-0008,CUST-0008,2023-08,53.0,,,,,5714.46,5714.46,False,,,,,ASSET-00012,,685.74,13714.68,,,,,,
CTR-0008,CUST-0008,2023-09,53.0,,,,,5714.46,5714.46,False,,,,,ASSET-00012,,685.74,13028.94,,,,,,
CTR-0008,CUST-0008,2023-10,53.0,,,,,5714.46,5714.46,False,,,,,ASSET-00012,,685.74,12343.2,,,,,,
CTR-0008,CUST-0008,2023-11,53.0,,,,,5714.46,5714.46,False,,,,,ASSET-00012,,685.74,11657.46,,,,,,
CTR-0008,CUST-0008,2023-12,53.0,,,,,5714.46,5714.46,False,early_termination,,churned,,ASSET-00012,,685.74,10971.72,,,,,,unknown
CTR-0009,CUST-0009,2024-01,78.0,,,,,12335.7,37007.1,False,,,new,,ASSET-00013,22204.26,616.78,21587.48,,,,,original_asset_created,
CTR-0009,CUST-0009,2024-02,78.0,,,,,12335.7,0.0,False,,,,,ASSET-00013,,616.78,20970.7,,,,,,
CTR-0009,CUST-0009,2024-03,78.0,,,,,12335.7,0.0,False,,,,,ASSET-00013,,616.78,20353.92,,,,,,
CTR-0009,CUST-0009,2024-04,78.0,,,,,12335.7,37007.1,False,,,,,ASSET-00013,,616.78,19737.14,,,,,,
CTR-0009,CUST-0009,2024-05,78.0,,,,,12335.7,0.0,False,early_termination,,churned,,ASSET-00013,,616.78,19120.36,,,,,,price
CTR-0010,CUST-0010,2023-10,15.0,,,,,1227.45,3682.35,False,,,new,,ASSET-00014,1472.94,81.83,1391.11,,,,,original_asset_created,
CTR-0010,CUST-0010,2023-11,15.0,,,,,1227.45,0.0,False,,,,,ASSET-00014,,81.83,1309.28,,,,,,
CTR-0010,CUST-0010,2023-12,15.0,,,,,1227.45,0.0,False,,,,,ASSET-00014,,81.83,1227.45,,,,,,
CTR-0010,CUST-0010,2024-01,15.0,,,,,1227.45,3682.35,False,,,,,ASSET-00014,,81.83,1145.62,,,,,,
CTR-0010,CUST-0010,2024-02,15.0,,,,,1227.45,0.0,False,,,,,ASSET-00014,,81.83,1063.79,,,,,,
CTR-0010,CUST-0010,2024-03,15.0,,,,,1227.45,0.0,False,,,,,ASSET-00014,,81.83,981.96,,,,,,
CTR-0010,CUST-0010,2024-04,15.0,,,,,1227.45,3682.35,False,,,,,ASSET-00014,,81.83,900.13,,,,,,
CTR-0010,CUST-0010,2024-05,15.0,,,,,1227.45,0.0,False,,,,,ASSET-00014,,81.83,818.3,,,,,,
CTR-0010,CUST-0010,2024-06,15.0,,,,,1227.45,0.0,False,,,,,ASSET-00014,,81.83,736.47,,,,,,
CTR-0010,CUST-0010,2024-07,15.0,,,,,1227.45,3682.35,False,,,,,ASSET-00014,,81.83,654.64,,,,,,
CTR-0010,CUST-0010,2024-08,15.0,,,,,1227.45,0.0,False,,,,,ASSET-00014,,81.83,572.81,,,,,,
CTR-0010,CUST-0010,2024-09,15.0,,,,,1227.45,0.0,False,,,,,ASSET-00014,,81.83,490.98,,,,,,
CTR-0010,CUST-0010,2024-10,15.0,,,,,1227.45,3682.35,False,,,,,ASSET-00014,,81.83,409.15,,,,,,
CTR-0010,CUST-0010,2024-11,15.0,,,,,1227.45,0.0,False,,,,,ASSET-00014,,81.83,327.32,,,,,,
CTR-0010,CUST-0010,2024-12,15.0,,,,,1227.45,0.0,False,,,,,ASSET-00014,,81.83,245.49,,,,,,
CTR-0011,CUST-0011,2024-01,40.0,,,,,4882.0,58584.0,False,,,new,,ASSET-00015,7030.08,292.92,6737.16,,,,,original_asset_created,
CTR-0011,CUST-0011,2024-02,40.0,,,,,4882.0,0.0,False,,,,,ASSET-00015,,292.92,6444.24,,,,,,
CTR-0011,CUST-0011,2024-03,40.0,,,,,4882.0,0.0,False,,,,,ASSET-00015,,292.92,6151.32,,,,,,
CTR-0011,CUST-0011,2024-04,40.0,,,,,4882.0,0.0,False,,,,,ASSET-00015,,292.92,5858.4,,,,,,
CTR-0011,CUST-0011,2024-05,40.0,,,,,4882.0,0.0,False,,,,,ASSET-00015,,292.92,5565.48,,,,,,
CTR-0011,CUST-0011,2024-06,40.0,,,,,4882.0,0.0,False,,,,,ASSET-00015,,292.92,5272.56,,,,,,
CTR-0011,CUST-0011,2024-07,40.0,,,,,4882.0,0.0,False,,,,,ASSET-00015,,292.92,4979.64,,,,,,
CTR-0011,CUST-0011,2024-08,40.0,,,,,4882.0,0.0,False,,,,,ASSET-00015,,292.92,4686.72,,,,,,
CTR-0011,CUST-0011,2024-09,40.0,,,,,4882.0,0.0,False,,,,,ASSET-00015,,292.92,4393.8,,,,,,
CTR-0011,CUST-0011,2024-10,40.0,,,,,4882.0,0.0,False,,,,,ASSET-00015,,292.92,4100.88,,,,,,
CTR-0011,CUST-0011,2024-11,40.0,,,,,4882.0,0.0,False,,,,,ASSET-00015,,292.92,3807.96,,,,,,
CTR-0011,CUST-0011,2024-12,40.0,,,,,4882.0,0.0,False,,,,,ASSET-00015,,292.92,3515.04,,,,,,
CTR-0012,CUST-0012,2023-06,52.0,,,,,9376.12,9376.12,False,,,new,,ASSET-00016,50631.05,1406.42,49224.63,,,,,original_asset_created,
CTR-0012,CUST-0012,2023-07,52.0,,,,,9376.12,9376.12,False,,,,,ASSET-00016,,1406.42,47818.21,,,,,,
CTR-0012,CUST-0012,2023-08,52.0,,,,,9376.12,9376.12,False,,,,,ASSET-00016,,1406.42,46411.79,,,,,,
CTR-0012,CUST-0012,2023-09,52.0,,,,,9376.12,9376.12,False,,,,,ASSET-00016,,1406.42,45005.37,,,,,,
CTR-0012,CUST-0012,2023-10,62.0,,,,,11179.22,11179.22,False,seat_add,1803.1,expansion,,ASSET-00016,,1406.42,43598.95,ASSET-00017,3786.51,105.18,3681.33,expansion_asset_created,
CTR-0012,CUST-0012,2023-11,62.0,,,,,11179.22,11179.22,False,,,,,ASSET-00016,,1406.42,42192.53,ASSET-00017,,105.18,3576.15,,
CTR-0012,CUST-0012,2023-12,62.0,,,,,11179.22,11179.22,False,,,,,ASSET-00016,,1406.42,40786.11,ASSET-00017,,105.18,3470.97,,
CTR-0012,CUST-0012,2024-01,62.0,,,,,11179.22,11179.22,False,,,,,ASSET-00016,,1406.42,39379.69,ASSET-00017,,105.18,3365.79,,
CTR-0012,CUST-0012,2024-02,62.0,,,,,11179.22,11179.22,False,,,,,ASSET-00016,,1406.42,37973.27,ASSET-00017,,105.18,3260.61,,
CTR-0012,CUST-0012,2024-03,62.0,,,,,11179.22,11179.22,False,,,,,ASSET-00016,,1406.42,36566.85,ASSET-00017,,105.18,3155.43,,
CTR-0012,CUST-0012,2024-04,62.0,,,,,11179.22,11179.22,False,,,,,ASSET-00016,,1406.42,35160.43,ASSET-00017,,105.18,3050.25,,
CTR-0012,CUST-0012,2024-05,62.0,,,,,11179.22,11179.22,False,,,,,ASSET-00016,,1406.42,33754.01,ASSET-00017,,105.18,2945.07,,
CTR-0012,CUST-0012,2024-06,62.0,,,,,11179.22,11179.22,False,,,,,ASSET-00016,,1406.42,32347.59,ASSET-00017,,105.18,2839.89,,
CTR-0012,CUST-0012,2024-07,62.0,,,,,11179.22,11179.22,False,,,,,ASSET-00016,,1406.42,30941.17,ASSET-00017,,105.18,2734.71,,
CTR-0012,CUST-0012,2024-08,62.0,,,,,11179.22,11179.22,False,,,,,ASSET-00016,,1406.42,29534.75,ASSET-00017,,105.18,2629.53,,
CTR-0012,CUST-0012,2024-09,62.0,,,,,11179.22,11179.22,False,,,,,ASSET-00016,,1406.42,28128.33,ASSET-00017,,105.18,2524.35,,
CTR-0012,CUST-0012,2024-10,62.0,,,,,11179.22,11179.22,False,,,,,ASSET-00016,,1406.42,26721.91,ASSET-00017,,105.18,2419.17,,
CTR-0012,CUST-0012,2024-11,62.0,,,,,11179.22,11179.22,False,,,,,ASSET-00016,,1406.42,25315.49,ASSET-00017,,105.18,2313.99,,
CTR-0012,CUST-0012,2024-12,62.0,,,,,11179.22,11179.22,False,,,,,ASSET-00016,,1406.42,23909.07,ASSET-00017,,105.18,2208.81,,
CTR-0013,CUST-0013,2023-03,,,,,,565.48,565.48,False,,,new,,ASSET-00018,1017.86,56.55,961.31,,,,,original_asset_created,
CTR-0013,CUST-0013,2023-04,,,,,,565.48,565.48,False,,,,,ASSET-00018,,56.55,904.76,,,,,,
CTR-0013,CUST-0013,2023-05,,,,,,565.48,565.48,False,,,,,ASSET-00018,,56.55,848.21,,,,,,
CTR-0013,CUST-0013,2023-06,,,,,,565.48,565.48,False,,,,,ASSET-00018,,56.55,791.66,,,,,,
CTR-0013,CUST-0013,2023-07,,,,,,565.48,565.48,False,,,,,ASSET-00018,,56.55,735.11,,,,,,
CTR-0013,CUST-0013,2023-08,,,,,,717.29,717.29,False,tier_upgrade,151.81,expansion,,ASSET-00018,,56.55,678.56,ASSET-00019,242.9,13.49,229.41,expansion_asset_created,
CTR-0013,CUST-0013,2023-09,,,,,,717.29,717.29,False,,,,,ASSET-00018,,56.55,622.01,ASSET-00019,,13.49,215.92,,
CTR-0013,CUST-0013,2023-10,,,,,,717.29,717.29,False,,,,,ASSET-00018,,56.55,565.46,ASSET-00019,,13.49,202.43,,
CTR-0013,CUST-0013,2023-11,,,,,,717.29,717.29,False,,,,,ASSET-00018,,56.55,508.91,ASSET-00019,,13.49,188.94,,
CTR-0013,CUST-0013,2023-12,,,,,,717.29,717.29,False,,,,,ASSET-00018,,56.55,452.36,ASSET-00019,,13.49,175.45,,
CTR-0013,CUST-0013,2024-01,,,,,,717.29,717.29,False,,,,,ASSET-00018,,56.55,395.81,ASSET-00019,,13.49,161.96,,
CTR-0013,CUST-0013,2024-02,,,,,,717.29,717.29,False,,,,,ASSET-00018,,56.55,339.26,ASSET-00019,,13.49,148.47,,
CTR-0013,CUST-0013,2024-03,,,,,,717.29,717.29,False,,,,,ASSET-00018,,56.55,282.71,ASSET-00019,,13.49,134.98,,
CTR-0013,CUST-0013,2024-04,,,,,,717.29,717.29,False,,,,,ASSET-00018,,56.55,226.16,ASSET-00019,,13.49,121.49,,
CTR-0013,CUST-0013,2024-05,,,,,,717.29,717.29,False,,,,,ASSET-00018,,56.55,169.61,ASSET-00019,,13.49,108.0,,
CTR-0013,CUST-0013,2024-06,,,,,,717.29,717.29,False,,,,,ASSET-00018,,56.55,113.06,ASSET-00019,,13.49,94.51,,
CTR-0013,CUST-0013,2024-07,,,,,,717.29,717.29,False,,,,,ASSET-00018,,56.55,56.51,ASSET-00019,,13.49,81.02,,
CTR-0013,CUST-0013,2024-08,,,,,,717.29,717.29,False,,,,,ASSET-00018,,56.55,0.0,ASSET-00019,,13.49,67.53,,
CTR-0013,CUST-0013,2024-09,,,,,,717.29,717.29,False,,,,,ASSET-00018,,56.55,0.0,ASSET-00019,,13.49,54.04,,
CTR-0013,CUST-0013,2024-10,,,,,,717.29,717.29,False,,,,,ASSET-00018,,56.55,0.0,ASSET-00019,,13.49,40.55,,
CTR-0013,CUST-0013,2024-11,,,,,,717.29,717.29,False,,,,,ASSET-00018,,56.55,0.0,ASSET-00019,,13.49,27.06,,
CTR-0013,CUST-0013,2024-12,,,,,,717.29,717.29,False,,,,,ASSET-00018,,56.55,0.0,ASSET-00019,,13.49,13.57,,
CTR-0014,CUST-0014,2023-06,,,,,,1247.16,14965.92,False,,,new,,ASSET-00020,1795.91,74.83,1721.08,,,,,original_asset_created,
CTR-0014,CUST-0014,2023-07,,,,,,1247.16,0.0,False,,,,,ASSET-00020,,74.83,1646.25,,,,,,
CTR-0014,CUST-0014,2023-08,,,,,,1247.16,0.0,False,,,,,ASSET-00020,,74.83,1571.42,,,,,,
CTR-0014,CUST-0014,2023-09,,,,,,1247.16,0.0,False,,,,,ASSET-00020,,74.83,1496.59,,,,,,
CTR-0014,CUST-0014,2023-10,,,,,,1247.16,0.0,False,,,,,ASSET-00020,,74.83,1421.76,,,,,,
CTR-0014,CUST-0014,2023-11,,,,,,1631.26,0.0,False,tier_upgrade,384.1,expansion,,ASSET-00020,,74.83,1346.93,ASSET-00021,322.64,13.44,309.2,expansion_asset_created,
CTR-0014,CUST-0014,2023-12,,,,,,1631.26,0.0,False,,,,,ASSET-00020,,74.83,1272.1,ASSET-00021,,13.44,295.76,,
CTR-0014,CUST-0014,2024-01,,,,,,1631.26,0.0,False,,,,,ASSET-00020,,74.83,1197.27,ASSET-00021,,13.44,282.32,,
CTR-0014,CUST-0014,2024-02,,,,,,1631.26,0.0,False,,,,,ASSET-00020,,74.83,1122.44,ASSET-00021,,13.44,268.88,,
CTR-0014,CUST-0014,2024-03,,,,,,1631.26,0.0,False,,,,,ASSET-00020,,74.83,1047.61,ASSET-00021,,13.44,255.44,,
CTR-0014,CUST-0014,2024-04,,,,,,1631.26,0.0,False,,,,,ASSET-00020,,74.83,972.78,ASSET-00021,,13.44,242.0,,
CTR-0014,CUST-0014,2024-05,,,,,,1631.26,0.0,False,,,,,ASSET-00020,,74.83,897.95,ASSET-00021,,13.44,228.56,,
CTR-0014,CUST-0014,2024-06,,,,,,1631.26,0.0,False,churn,,churned,,ASSET-00020,,74.83,823.12,ASSET-00021,,13.44,215.12,,unknown
CTR-0015,CUST-0015,2023-11,,,,,,4449.98,53399.76,False,,,new,,ASSET-00022,8009.96,222.5,7787.46,,,,,original_asset_created,
CTR-0015,CUST-0015,2023-12,,,,,,4449.98,0.0,False,,,,,ASSET-00022,,222.5,7564.96,,,,,,
CTR-0015,CUST-0015,2024-01,,,,,,4449.98,0.0,False,,,,,ASSET-00022,,222.5,7342.46,,,,,,
CTR-0015,CUST-0015,2024-02,,,,,,4449.98,0.0,False,,,,,ASSET-00022,,222.5,7119.96,,,,,,
CTR-0015,CUST-0015,2024-03,,,,,,4449.98,0.0,False,,,,,ASSET-00022,,222.5,6897.46,,,,,,
CTR-0015,CUST-0015,2024-04,,,,,,4449.98,0.0,False,,,,,ASSET-00022,,222.5,6674.96,,,,,,
CTR-0015,CUST-0015,2024-05,,,,,,3091.85,0.0,False,tier_downgrade,-1358.13,contraction,,ASSET-00022,,222.5,6452.46,,,,,,
CTR-0015,CUST-0015,2024-06,,,,,,3091.85,0.0,False,,,,,ASSET-00022,,222.5,6229.96,,,,,,
CTR-0015,CUST-0015,2024-07,,,,,,3091.85,0.0,False,,,,,ASSET-00022,,222.5,6007.46,,,,,,
CTR-0015,CUST-0015,2024-08,,,,,,3091.85,0.0,False,,,,,ASSET-00022,,222.5,5784.96,,,,,,
CTR-0015,CUST-0015,2024-09,,,,,,3091.85,0.0,False,,,,,ASSET-00022,,222.5,5562.46,,,,,,
CTR-0015,CUST-0015,2024-10,,,,,,3091.85,0.0,False,,,,,ASSET-00022,,222.5,5339.96,,,,,,
CTR-0015,CUST-0015,2024-11,,,,,,3091.85,0.0,False,,,,,ASSET-00022,,222.5,5117.46,,,,,,
CTR-0015,CUST-0015,2024-12,,,,,,3091.85,0.0,False,,,,,ASSET-00022,,222.5,4894.96,,,,,,
CTR-0016,CUST-0016,2023-02,,,,,,0.0,0.0,True,,,,,,,,,,,,,,
CTR-0016,CUST-0016,2023-03,,,,,,0.0,0.0,True,,,,,,,,,,,,,,
CTR-0016,CUST-0016,2023-04,,,,,,683.03,683.03,False,,,new,,ASSET-00023,1229.45,68.3,1161.15,,,,,original_asset_created,
CTR-0016,CUST-0016,2023-05,,,,,,683.03,683.03,False,,,,,ASSET-00023,,68.3,1092.85,,,,,,
CTR-0016,CUST-0016,2023-06,,,,,,683.03,683.03,False,,,,,ASSET-00023,,68.3,1024.55,,,,,,
CTR-0016,CUST-0016,2023-07,,,,,,683.03,683.03,False,,,,,ASSET-00023,,68.3,956.25,,,,,,
CTR-0016,CUST-0016,2023-08,,,,,,683.03,683.03,False,,,,,ASSET-00023,,68.3,887.95,,,,,,
CTR-0016,CUST-0016,2023-09,,,,,,683.03,683.03,False,,,,,ASSET-00023,,68.3,819.65,,,,,,
CTR-0016,CUST-0016,2023-10,,,,,,683.03,683.03,False,,,,,ASSET-00023,,68.3,751.35,,,,,,
CTR-0016,CUST-0016,2023-11,,,,,,683.03,683.03,False,,,,,ASSET-00023,,68.3,683.05,,,,,,
CTR-0016,CUST-0016,2023-12,,,,,,683.03,683.03,False,,,,,ASSET-00023,,68.3,614.75,,,,,,
CTR-0016,CUST-0016,2024-01,,,,,,683.03,683.03,False,,,,,ASSET-00023,,68.3,546.45,,,,,,
CTR-0016,CUST-0016,2024-02,,,,,,683.03,683.03,False,,,,,ASSET-00023,,68.3,478.15,,,,,,
CTR-0016,CUST-0016,2024-03,,,,,,683.03,683.03,False,,,,,ASSET-00023,,68.3,409.85,,,,,,
CTR-0016,CUST-0016,2024-04,,,,,,683.03,683.03,False,,,,,ASSET-00023,,68.3,341.55,,,,,,
CTR-0016,CUST-0016,2024-05,,,,,,683.03,683.03,False,,,,,ASSET-00023,,68.3,273.25,,,,,,
CTR-0016,CUST-0016,2024-06,,,,,,683.03,683.03,False,,,,,ASSET-00023,,68.3,204.95,,,,,,
CTR-0016,CUST-0016,2024-07,,,,,,683.03,683.03,False,,,,,ASSET-00023,,68.3,136.65,,,,,,
CTR-0016,CUST-0016,2024-08,,,,,,683.03,683.03,False,,,,,ASSET-00023,,68.3,68.35,,,,,,
CTR-0016,CUST-0016,2024-09,,,,,,683.03,683.03,False,,,,,ASSET-00023,,68.3,0.05,,,,,,
CTR-0016,CUST-0016,2024-10,,,,,,683.03,683.03,False,,,,,ASSET-00023,,68.3,0.0,,,,,,
CTR-0016,CUST-0016,2024-11,,,,,,683.03,683.03,False,,,,,ASSET-00023,,68.3,0.0,,,,,,
CTR-0016,CUST-0016,2024-12,,,,,,683.03,683.03,False,,,,,ASSET-00023,,68.3,0.0,,,,,,
CTR-0017,CUST-0017,2023-08,,,,,,1878.39,5635.17,False,,,new,,ASSET-00024,2704.88,112.7,2592.18,,,,,original_asset_created,
CTR-0017,CUST-0017,2023-09,,,,,,1878.39,0.0,False,,,,,ASSET-00024,,112.7,2479.48,,,,,,
CTR-0017,CUST-0017,2023-10,,,,,,1878.39,0.0,False,,,,,ASSET-00024,,112.7,2366.78,,,,,,
CTR-0017,CUST-0017,2023-11,,,,,,1878.39,5635.17,False,,,,,ASSET-00024,,112.7,2254.08,,,,,,
CTR-0017,CUST-0017,2023-12,,,,,,1878.39,0.0,False,,,,,ASSET-00024,,112.7,2141.38,,,,,,
CTR-0017,CUST-0017,2024-01,,,,,,2912.53,0.0,False,tier_upgrade,1034.14,expansion,,ASSET-00024,,112.7,2028.68,ASSET-00025,372.29,15.51,356.78,expansion_asset_created,
CTR-0017,CUST-0017,2024-02,,,,,,2912.53,8737.59,False,,,,,ASSET-00024,,112.7,1915.98,ASSET-00025,,15.51,341.27,,
CTR-0017,CUST-0017,2024-03,,,,,,2912.53,0.0,False,,,,,ASSET-00024,,112.7,1803.28,ASSET-00025,,15.51,325.76,,
CTR-0017,CUST-0017,2024-04,,,,,,2912.53,0.0,False,product_switch_out,,churned,,ASSET-00024,,112.7,1690.58,ASSET-00025,,15.51,310.25,,product_fit
CTR-0018,CUST-0017,2024-04,18.0,,,,,2458.08,2458.08,False,product_switch_in,2458.08,reactivation,,ASSET-00026,7079.27,294.97,6784.3,,,,,original_asset_created,
CTR-0018,CUST-0017,2024-05,18.0,,,,,2458.08,2458.08,False,,,,,ASSET-00026,,294.97,6489.33,,,,,,
CTR-0018,CUST-0017,2024-06,18.0,,,,,2458.08,2458.08,False,,,,,ASSET-00026,,294.97,6194.36,,,,,,
CTR-0018,CUST-0017,2024-07,18.0,,,,,2458.08,2458.08,False,,,,,ASSET-00026,,294.97,5899.39,,,,,,
CTR-0018,CUST-0017,2024-08,18.0,,,,,2458.08,2458.08,False,,,,,ASSET-00026,,294.97,5604.42,,,,,,
CTR-0018,CUST-0017,2024-09,18.0,,,,,2458.08,2458.08,False,,,,,ASSET-00026,,294.97,5309.45,,,,,,
CTR-0018,CUST-0017,2024-10,18.0,,,,,2458.08,2458.08,False,,,,,ASSET-00026,,294.97,5014.48,,,,,,
CTR-0018,CUST-0017,2024-11,18.0,,,,,2458.08,2458.08,False,,,,,ASSET-00026,,294.97,4719.51,,,,,,
CTR-0018,CUST-0017,2024-12,18.0,,,,,2458.08,2458.08,False,,,,,ASSET-00026,,294.97,4424.54,,,,,,
CTR-0019,CUST-0018,2024-04,,,,,,2000.05,24000.6,False,,,new,,ASSET-00027,3600.09,100.0,3500.09,,,,,original_asset_created,
CTR-0019,CUST-0018,2024-05,,,,,,2000.05,0.0,False,,,,,ASSET-00027,,100.0,3400.09,,,,,,
CTR-0019,CUST-0018,2024-06,,,,,,2000.05,0.0,False,,,,,ASSET-00027,,100.0,3300.09,,,,,,
CTR-0019,CUST-0018,2024-07,,,,,,2000.05,0.0,False,,,,,ASSET-00027,,100.0,3200.09,,,,,,
CTR-0019,CUST-0018,2024-08,,,,,,2000.05,0.0,False,,,,,ASSET-00027,,100.0,3100.09,,,,,,
CTR-0019,CUST-0018,2024-09,,,,,,2000.05,0.0,False,,,,,ASSET-00027,,100.0,3000.09,,,,,,
CTR-0019,CUST-0018,2024-10,,,,,,2000.05,0.0,False,,,,,ASSET-00027,,100.0,2900.09,,,,,,
CTR-0019,CUST-0018,2024-11,,,,,,2000.05,0.0,False,,,,,ASSET-00027,,100.0,2800.09,,,,,,
CTR-0019,CUST-0018,2024-12,,,,,,2000.05,0.0,False,,,,,ASSET-00027,,100.0,2700.09,,,,,,
CTR-0020,CUST-0019,2023-09,,,,,,648.21,648.21,False,,,new,,ASSET-00028,1166.78,64.82,1101.96,,,,,original_asset_created,
CTR-0020,CUST-0019,2023-10,,,,,,648.21,648.21,False,,,,,ASSET-00028,,64.82,1037.14,,,,,,
CTR-0020,CUST-0019,2023-11,,,,,,648.21,648.21,False,,,,,ASSET-00028,,64.82,972.32,,,,,,
CTR-0020,CUST-0019,2023-12,,,,,,648.21,648.21,False,,,,,ASSET-00028,,64.82,907.5,,,,,,
CTR-0020,CUST-0019,2024-01,,,,,,648.21,648.21,False,,,,,ASSET-00028,,64.82,842.68,,,,,,
CTR-0020,CUST-0019,2024-02,,,,,,648.21,648.21,False,,,,,ASSET-00028,,64.82,777.86,,,,,,
CTR-0020,CUST-0019,2024-03,,,,,,495.44,495.44,False,tier_downgrade,-152.77,contraction,,ASSET-00028,,64.82,713.04,,,,,,
CTR-0020,CUST-0019,2024-04,,,,,,495.44,495.44,False,,,,,ASSET-00028,,64.82,648.22,,,,,,
CTR-0020,CUST-0019,2024-05,,,,,,495.44,495.44,False,,,,,ASSET-00028,,64.82,583.4,,,,,,
CTR-0020,CUST-0019,2024-06,,,,,,495.44,495.44,False,,,,,ASSET-00028,,64.82,518.58,,,,,,
CTR-0020,CUST-0019,2024-07,,,,,,495.44,495.44,False,,,,,ASSET-00028,,64.82,453.76,,,,,,
CTR-0020,CUST-0019,2024-08,,,,,,495.44,495.44,False,,,,,ASSET-00028,,64.82,388.94,,,,,,
CTR-0020,CUST-0019,2024-09,,,,,,495.44,495.44,False,,,,,ASSET-00028,,64.82,324.12,,,,,,
CTR-0020,CUST-0019,2024-10,,,,,,495.44,495.44,False,,,,,ASSET-00028,,64.82,259.3,,,,,,
CTR-0020,CUST-0019,2024-11,,,,,,495.44,495.44,False,,,,,ASSET-00028,,64.82,194.48,,,,,,
CTR-0020,CUST-0019,2024-12,,,,,,495.44,495.44,False,,,,,ASSET-00028,,64.82,129.66,,,,,,
CTR-0021,CUST-0020,2024-01,,,,,,0.0,0.0,True,,,,,,,,,,,,,,
CTR-0021,CUST-0020,2024-02,,,,,,907.05,907.05,False,,,new,,ASSET-00029,2612.3,108.85,2503.45,,,,,original_asset_created,
CTR-0021,CUST-0020,2024-03,,,,,,907.05,907.05,False,,,,,ASSET-00029,,108.85,2394.6,,,,,,
CTR-0021,CUST-0020,2024-04,,,,,,907.05,907.05,False,,,,,ASSET-00029,,108.85,2285.75,,,,,,
CTR-0021,CUST-0020,2024-05,,,,,,907.05,907.05,False,,,,,ASSET-00029,,108.85,2176.9,,,,,,
CTR-0021,CUST-0020,2024-06,,,,,,1273.33,1273.33,False,tier_upgrade,366.28,expansion,,ASSET-00029,,108.85,2068.05,ASSET-00030,263.72,10.99,252.73,expansion_asset_created,
CTR-0021,CUST-0020,2024-07,,,,,,1273.33,1273.33,False,,,,,ASSET-00029,,108.85,1959.2,ASSET-00030,,10.99,241.74,,
CTR-0021,CUST-0020,2024-08,,,,,,1273.33,1273.33,False,,,,,ASSET-00029,,108.85,1850.35,ASSET-00030,,10.99,230.75,,
CTR-0021,CUST-0020,2024-09,,,,,,1273.33,1273.33,False,,,,,ASSET-00029,,108.85,1741.5,ASSET-00030,,10.99,219.76,,
CTR-0021,CUST-0020,2024-10,,,,,,1273.33,1273.33,False,,,,,ASSET-00029,,108.85,1632.65,ASSET-00030,,10.99,208.77,,
CTR-0021,CUST-0020,2024-11,,,,,,1273.33,1273.33,False,,,,,ASSET-00029,,108.85,1523.8,ASSET-00030,,10.99,197.78,,
CTR-0021,CUST-0020,2024-12,,,,,,1273.33,1273.33,False,,,,,ASSET-00029,,108.85,1414.95,ASSET-00030,,10.99,186.79,,
CTR-0022,CUST-0021,2023-02,,1584.2,1220.0,364.2,43.27,1404.37,1404.37,False,,,new,,ASSET-00031,1633.32,90.74,1542.58,,,,,original_asset_created,
CTR-0022,CUST-0021,2023-03,,1471.4,1220.0,251.4,29.87,1390.97,1390.97,False,,,,,ASSET-00031,,90.74,1451.84,,,,,,
CTR-0022,CUST-0021,2023-04,,1187.4,1220.0,0.0,0.0,1361.1,1361.1,False,,,,,ASSET-00031,,90.74,1361.1,,,,,,
CTR-0022,CUST-0021,2023-05,,1470.7,1220.0,250.7,29.78,1390.88,1390.88,False,,,,,ASSET-00031,,90.74,1270.36,,,,,,
CTR-0022,CUST-0021,2023-06,,1299.1,1220.0,79.1,9.4,1370.5,1370.5,False,,,,,ASSET-00031,,90.74,1179.62,,,,,,
CTR-0022,CUST-0021,2023-07,,1008.4,1220.0,0.0,0.0,1361.1,1361.1,False,,,,,ASSET-00031,,90.74,1088.88,,,,,,
CTR-0022,CUST-0021,2023-08,,1413.4,1220.0,193.4,22.98,1384.08,1384.08,False,,,,,ASSET-00031,,90.74,998.14,,,,,,
CTR-0022,CUST-0021,2023-09,,1935.7,1220.0,715.7,85.03,1446.13,1446.13,False,,,,,ASSET-00031,,90.74,907.4,,,,,,
CTR-0022,CUST-0021,2023-10,,1583.9,1220.0,363.9,43.23,1404.33,1404.33,False,,,,,ASSET-00031,,90.74,816.66,,,,,,
CTR-0022,CUST-0021,2023-11,,824.7,1220.0,0.0,0.0,1361.1,1361.1,False,,,,,ASSET-00031,,90.74,725.92,,,,,,
CTR-0022,CUST-0021,2023-12,,1858.4,1220.0,638.4,75.84,1436.94,1436.94,False,,,,,ASSET-00031,,90.74,635.18,,,,,,
CTR-0022,CUST-0021,2024-01,,1678.7,1220.0,458.7,54.49,1415.59,1415.59,False,,,,,ASSET-00031,,90.74,544.44,,,,,,
CTR-0022,CUST-0021,2024-02,,1702.5,1220.0,482.5,57.32,1418.42,1418.42,False,,,,,ASSET-00031,,90.74,453.7,,,,,,
CTR-0022,CUST-0021,2024-03,,1127.5,1220.0,0.0,0.0,1361.1,1361.1,False,,,,,ASSET-00031,,90.74,362.96,,,,,,
CTR-0022,CUST-0021,2024-04,,1064.9,1220.0,0.0,0.0,1361.1,1361.1,False,,,,,ASSET-00031,,90.74,272.22,,,,,,
CTR-0022,CUST-0021,2024-05,,883.2,1220.0,0.0,0.0,1361.1,1361.1,False,,,,,ASSET-00031,,90.74,181.48,,,,,,
CTR-0022,CUST-0021,2024-06,,675.4,1220.0,0.0,0.0,1361.1,1361.1,False,,,,,ASSET-00031,,90.74,90.74,,,,,,
CTR-0022,CUST-0021,2024-07,,1640.0,1220.0,420.0,49.9,1411.0,1411.0,False,,,,,ASSET-00031,,90.74,0.0,,,,,,
CTR-0022,CUST-0021,2024-08,,1636.8,1220.0,416.8,49.52,1410.62,1410.62,False,,,,,ASSET-00031,,90.74,0.0,,,,,,
CTR-0022,CUST-0021,2024-09,,1975.3,1220.0,755.3,89.73,1450.83,1450.83,False,,,,,ASSET-00031,,90.74,0.0,,,,,,
CTR-0022,CUST-0021,2024-10,,1693.6,1220.0,473.6,56.26,1417.36,1417.36,False,,,,,ASSET-00031,,90.74,0.0,,,,,,
CTR-0022,CUST-0021,2024-11,,1352.3,1220.0,132.3,15.72,1376.82,1376.82,False,,,,,ASSET-00031,,90.74,0.0,,,,,,
CTR-0022,CUST-0021,2024-12,,813.8,1220.0,0.0,0.0,1361.1,1361.1,False,,,,,ASSET-00031,,90.74,0.0,,,,,,
CTR-0023,CUST-0022,2023-07,,4116.8,2927.0,1189.8,467.71,1942.82,1942.82,False,,,new,,ASSET-00032,4248.32,177.01,4071.31,,,,,original_asset_created,
CTR-0023,CUST-0022,2023-08,,3317.4,2927.0,390.4,153.47,1628.58,1628.58,False,,,,,ASSET-00032,,177.01,3894.3,,,,,,
CTR-0023,CUST-0022,2023-09,,1611.7,2927.0,0.0,0.0,1475.11,1475.11,False,,,,,ASSET-00032,,177.01,3717.29,,,,,,
CTR-0023,CUST-0022,2023-10,,2653.5,2927.0,0.0,0.0,1475.11,1475.11,False,,,,,ASSET-00032,,177.01,3540.28,,,,,,
CTR-0023,CUST-0022,2023-11,,1672.6,2927.0,0.0,0.0,1475.11,1475.11,False,,,,,ASSET-00032,,177.01,3363.27,,,,,,
CTR-0023,CUST-0022,2023-12,,4601.3,2927.0,1674.3,658.17,2133.28,2133.28,False,,,,,ASSET-00032,,177.01,3186.26,,,,,,
CTR-0023,CUST-0022,2024-01,,4439.1,2927.0,1512.1,594.41,2069.52,2069.52,False,,,,,ASSET-00032,,177.01,3009.25,,,,,,
CTR-0023,CUST-0022,2024-02,,4287.6,2927.0,1360.6,534.85,2009.96,2009.96,False,,,,,ASSET-00032,,177.01,2832.24,,,,,,
CTR-0023,CUST-0022,2024-03,,2600.0,2927.0,0.0,0.0,1475.11,1475.11,False,,,,,ASSET-00032,,177.01,2655.23,,,,,,
CTR-0023,CUST-0022,2024-04,,1796.4,2927.0,0.0,0.0,1475.11,1475.11,False,,,,,ASSET-00032,,177.01,2478.22,,,,,,
CTR-0023,CUST-0022,2024-05,,4436.8,2927.0,1509.8,593.5,2068.61,2068.61,False,,,,,ASSET-00032,,177.01,2301.21,,,,,,
CTR-0023,CUST-0022,2024-06,,4658.7,2927.0,1731.7,680.73,2155.84,2155.84,False,,,,,ASSET-00032,,177.01,2124.2,,,,,,
CTR-0023,CUST-0022,2024-07,,1885.6,2927.0,0.0,0.0,1475.11,1475.11,False,,,,,ASSET-00032,,177.01,1947.19,,,,,,
CTR-0023,CUST-0022,2024-08,,3174.6,2927.0,247.6,97.33,1572.44,1572.44,False,,,,,ASSET-00032,,177.01,1770.18,,,,,,
CTR-0023,CUST-0022,2024-09,,1832.7,2927.0,0.0,0.0,1475.11,1475.11,False,,,,,ASSET-00032,,177.01,1593.17,,,,,,
CTR-0023,CUST-0022,2024-10,,4058.8,2927.0,1131.8,444.91,1920.02,1920.02,False,,,,,ASSET-00032,,177.01,1416.16,,,,,,
CTR-0023,CUST-0022,2024-11,,4075.6,2927.0,1148.6,451.51,1926.62,1926.62,False,,,,,ASSET-00032,,177.01,1239.15,,,,,,
CTR-0023,CUST-0022,2024-12,,2023.2,2927.0,0.0,0.0,1475.11,1475.11,False,,,,,ASSET-00032,,177.01,1062.14,,,,,,
CTR-0024,CUST-0023,2023-06,,1882.3,2404.0,0.0,0.0,3427.7,3427.7,False,,,new,,ASSET-00033,6169.86,171.38,5998.48,,,,,original_asset_created,
CTR-0024,CUST-0023,2023-07,,2748.3,2404.0,344.3,152.39,3580.09,3580.09,False,,,,,ASSET-00033,,171.38,5827.1,,,,,,
CTR-0024,CUST-0023,2023-08,,3252.4,2404.0,848.4,375.5,3803.2,3803.2,False,,,,,ASSET-00033,,171.38,5655.72,,,,,,
CTR-0024,CUST-0023,2023-09,,1854.1,2404.0,0.0,0.0,3427.7,3427.7,False,,,,,ASSET-00033,,171.38,5484.34,,,,,,
CTR-0024,CUST-0023,2023-10,,2146.5,2404.0,0.0,0.0,3427.7,3427.7,False,,,,,ASSET-00033,,171.38,5312.96,,,,,,
CTR-0024,CUST-0023,2023-11,,3953.8,2404.0,1549.8,685.94,4113.64,4113.64,False,,,,,ASSET-00033,,171.38,5141.58,,,,,,
CTR-0024,CUST-0023,2023-12,,3040.7,2404.0,636.7,281.8,3709.5,3709.5,False,,,,,ASSET-00033,,171.38,4970.2,,,,,,
CTR-0024,CUST-0023,2024-01,,2480.7,2404.0,76.7,33.95,3461.65,3461.65,False,,,,,ASSET-00033,,171.38,4798.82,,,,,,
CTR-0024,CUST-0023,2024-02,,2690.9,2404.0,286.9,126.98,3554.68,3554.68,False,,,,,ASSET-00033,,171.38,4627.44,,,,,,
CTR-0024,CUST-0023,2024-03,,1642.2,2404.0,0.0,0.0,3427.7,3427.7,False,,,,,ASSET-00033,,171.38,4456.06,,,,,,
CTR-0024,CUST-0023,2024-04,,1916.4,2404.0,0.0,0.0,3427.7,3427.7,False,,,,,ASSET-00033,,171.38,4284.68,,,,,,
CTR-0024,CUST-0023,2024-05,,2216.2,2404.0,0.0,0.0,3427.7,3427.7,False,,,,,ASSET-00033,,171.38,4113.3,,,,,,
CTR-0024,CUST-0023,2024-06,,2787.0,2404.0,383.0,169.52,3597.22,3597.22,False,churn,,churned,,ASSET-00033,,171.38,3941.92,,,,,,unknown
CTR-0025,CUST-0024,2023-01,,960.8,1530.0,0.0,0.0,570.99,570.99,False,,,new,,ASSET-00034,1027.78,57.1,970.68,,,,,original_asset_created,
CTR-0025,CUST-0024,2023-02,,1242.1,1530.0,0.0,0.0,570.99,570.99,False,,,,,ASSET-00034,,57.1,913.58,,,,,,
CTR-0025,CUST-0024,2023-03,,1967.4,1530.0,437.4,146.09,717.08,717.08,False,,,,,ASSET-00034,,57.1,856.48,,,,,,
CTR-0025,CUST-0024,2023-04,,1749.0,1530.0,219.0,73.15,644.14,644.14,False,early_termination,,churned,,ASSET-00034,,57.1,799.38,,,,,,competitor
CTR-0026,CUST-0025,2024-04,,2973.0,2332.0,641.0,168.45,1805.85,1805.85,False,,,new,347.46,ASSET-00035,2357.86,98.24,2259.62,,,,,original_asset_created,
CTR-0026,CUST-0025,2024-05,,2191.4,2332.0,0.0,0.0,1637.4,1637.4,False,,,,347.46,ASSET-00035,,98.24,2161.38,,,,,,
CTR-0026,CUST-0025,2024-06,,2337.2,2332.0,5.2,1.37,1638.77,1638.77,False,,,,347.46,ASSET-00035,,98.24,2063.14,,,,,,
CTR-0026,CUST-0025,2024-07,,3498.5,2332.0,1166.5,306.56,1943.96,1943.96,False,,,,347.46,ASSET-00035,,98.24,1964.9,,,,,,
CTR-0026,CUST-0025,2024-08,,1421.6,2332.0,0.0,0.0,1637.4,1637.4,False,,,,347.46,ASSET-00035,,98.24,1866.66,,,,,,
CTR-0026,CUST-0025,2024-09,,2958.8,2332.0,626.8,164.72,1802.12,1802.12,False,,,,347.46,ASSET-00035,,98.24,1768.42,,,,,,
CTR-0026,CUST-0025,2024-10,,2940.2,2332.0,608.2,159.83,1797.23,1797.23,False,,,,347.46,ASSET-00035,,98.24,1670.18,,,,,,
CTR-0026,CUST-0025,2024-11,,1438.1,2332.0,0.0,0.0,1637.4,1637.4,False,,,,347.46,ASSET-00035,,98.24,1571.94,,,,,,
CTR-0026,CUST-0025,2024-12,,3150.6,2332.0,818.6,215.13,1852.53,1852.53,False,,,,347.46,ASSET-00035,,98.24,1473.7,,,,,,
CTR-0027,CUST-0026,2023-04,36.0,,,,,2410.56,28926.72,False,,,new,,ASSET-00036,2892.67,160.7,2731.97,,,,,original_asset_created,
CTR-0027,CUST-0026,2023-05,36.0,,,,,2410.56,0.0,False,,,,,ASSET-00036,,160.7,2571.27,,,,,,
CTR-0027,CUST-0026,2023-06,36.0,,,,,2410.56,0.0,False,,,,,ASSET-00036,,160.7,2410.57,,,,,,
CTR-0027,CUST-0026,2023-07,36.0,,,,,2410.56,0.0,False,,,,,ASSET-00036,,160.7,2249.87,,,,,,
CTR-0027,CUST-0026,2023-08,42.0,,,,,2812.32,0.0,False,seat_add,401.76,expansion,,ASSET-00036,,160.7,2089.17,ASSET-00037,642.82,35.71,607.11,expansion_asset_created,
CTR-0027,CUST-0026,2023-09,42.0,,,,,2812.32,0.0,False,,,,,ASSET-00036,,160.7,1928.47,ASSET-00037,,35.71,571.4,,
CTR-0027,CUST-0026,2023-10,42.0,,,,,2812.32,0.0,False,,,,,ASSET-00036,,160.7,1767.77,ASSET-00037,,35.71,535.69,,
CTR-0027,CUST-0026,2023-11,42.0,,,,,2812.32,0.0,False,,,,,ASSET-00036,,160.7,1607.07,ASSET-00037,,35.71,499.98,,
CTR-0027,CUST-0026,2023-12,42.0,,,,,2812.32,0.0,False,,,,,ASSET-00036,,160.7,1446.37,ASSET-00037,,35.71,464.27,,
CTR-0027,CUST-0026,2024-01,42.0,,,,,2812.32,0.0,False,,,,,ASSET-00036,,160.7,1285.67,ASSET-00037,,35.71,428.56,,
CTR-0027,CUST-0026,2024-02,42.0,,,,,2812.32,0.0,False,,,,,ASSET-00036,,160.7,1124.97,ASSET-00037,,35.71,392.85,,
CTR-0027,CUST-0026,2024-03,42.0,,,,,2812.32,0.0,False,,,,,ASSET-00036,,160.7,964.27,ASSET-00037,,35.71,357.14,,
CTR-0027,CUST-0026,2024-04,42.0,,,,,2812.32,0.0,False,,,,,ASSET-00036,,160.7,803.57,ASSET-00037,,35.71,321.43,,
CTR-0027,CUST-0026,2024-05,42.0,,,,,2812.32,0.0,False,,,,,ASSET-00036,,160.7,642.87,ASSET-00037,,35.71,285.72,,
CTR-0027,CUST-0026,2024-06,42.0,,,,,2812.32,0.0,False,,,,,ASSET-00036,,160.7,482.17,ASSET-00037,,35.71,250.01,,
CTR-0027,CUST-0026,2024-07,42.0,,,,,2812.32,0.0,False,,,,,ASSET-00036,,160.7,321.47,ASSET-00037,,35.71,214.3,,
CTR-0027,CUST-0026,2024-08,42.0,,,,,2812.32,0.0,False,,,,,ASSET-00036,,160.7,160.77,ASSET-00037,,35.71,178.59,,
CTR-0027,CUST-0026,2024-09,42.0,,,,,2812.32,0.0,False,,,,,ASSET-00036,,160.7,0.07,ASSET-00037,,35.71,142.88,,
CTR-0027,CUST-0026,2024-10,42.0,,,,,2812.32,0.0,False,,,,,ASSET-00036,,160.7,0.0,ASSET-00037,,35.71,107.17,,
CTR-0027,CUST-0026,2024-11,42.0,,,,,2812.32,0.0,False,,,,,ASSET-00036,,160.7,0.0,ASSET-00037,,35.71,71.46,,
CTR-0027,CUST-0026,2024-12,42.0,,,,,2812.32,0.0,False,,,,,ASSET-00036,,160.7,0.0,ASSET-00037,,35.71,35.75,,
CTR-0028,CUST-0026,2023-04,,,,,,453.13,5437.56,False,,,new,,ASSET-00038,543.76,30.21,513.55,,,,,original_asset_created,
CTR-0028,CUST-0026,2023-05,,,,,,453.13,0.0,False,,,,,ASSET-00038,,30.21,483.34,,,,,,
CTR-0028,CUST-0026,2023-06,,,,,,453.13,0.0,False,,,,,ASSET-00038,,30.21,453.13,,,,,,
CTR-0028,CUST-0026,2023-07,,,,,,453.13,0.0,False,,,,,ASSET-00038,,30.21,422.92,,,,,,
CTR-0028,CUST-0026,2023-08,,,,,,453.13,0.0,False,,,,,ASSET-00038,,30.21,392.71,,,,,,
CTR-0028,CUST-0026,2023-09,,,,,,453.13,0.0,False,,,,,ASSET-00038,,30.21,362.5,,,,,,
CTR-0028,CUST-0026,2023-10,,,,,,453.13,0.0,False,,,,,ASSET-00038,,30.21,332.29,,,,,,
CTR-0028,CUST-0026,2023-11,,,,,,453.13,0.0,False,,,,,ASSET-00038,,30.21,302.08,,,,,,
CTR-0028,CUST-0026,2023-12,,,,,,453.13,0.0,False,,,,,ASSET-00038,,30.21,271.87,,,,,,
CTR-0028,CUST-0026,2024-01,,,,,,453.13,0.0,False,,,,,ASSET-00038,,30.21,241.66,,,,,,
CTR-0028,CUST-0026,2024-02,,,,,,453.13,0.0,False,,,,,ASSET-00038,,30.21,211.45,,,,,,
CTR-0028,CUST-0026,2024-03,,,,,,453.13,0.0,False,,,,,ASSET-00038,,30.21,181.24,,,,,,
CTR-0028,CUST-0026,2024-04,,,,,,453.13,0.0,False,,,,,ASSET-00038,,30.21,151.03,,,,,,
CTR-0028,CUST-0026,2024-05,,,,,,453.13,0.0,False,,,,,ASSET-00038,,30.21,120.82,,,,,,
CTR-0028,CUST-0026,2024-06,,,,,,453.13,0.0,False,,,,,ASSET-00038,,30.21,90.61,,,,,,
CTR-0028,CUST-0026,2024-07,,,,,,453.13,0.0,False,,,,,ASSET-00038,,30.21,60.4,,,,,,
CTR-0028,CUST-0026,2024-08,,,,,,453.13,0.0,False,,,,,ASSET-00038,,30.21,30.19,,,,,,
CTR-0028,CUST-0026,2024-09,,,,,,453.13,0.0,False,,,,,ASSET-00038,,30.21,0.0,,,,,,
CTR-0028,CUST-0026,2024-10,,,,,,453.13,0.0,False,,,,,ASSET-00038,,30.21,0.0,,,,,,
CTR-0028,CUST-0026,2024-11,,,,,,453.13,0.0,False,,,,,ASSET-00038,,30.21,0.0,,,,,,
CTR-0028,CUST-0026,2024-12,,,,,,453.13,0.0,False,,,,,ASSET-00038,,30.21,0.0,,,,,,
CTR-0029,CUST-0027,2023-03,61.0,,,,,7407.23,7407.23,False,,,new,,ASSET-00039,21332.82,888.87,20443.95,,,,,original_asset_created,
CTR-0029,CUST-0027,2023-04,61.0,,,,,7407.23,7407.23,False,,,,,ASSET-00039,,888.87,19555.08,,,,,,
CTR-0029,CUST-0027,2023-05,61.0,,,,,7407.23,7407.23,False,,,,,ASSET-00039,,888.87,18666.21,,,,,,
CTR-0029,CUST-0027,2023-06,61.0,,,,,7407.23,7407.23,False,,,,,ASSET-00039,,888.87,17777.34,,,,,,
CTR-0029,CUST-0027,2023-07,61.0,,,,,7407.23,7407.23,False,,,,,ASSET-00039,,888.87,16888.47,,,,,,
CTR-0029,CUST-0027,2023-08,61.0,,,,,7407.23,7407.23,False,,,,,ASSET-00039,,888.87,15999.6,,,,,,
CTR-0029,CUST-0027,2023-09,61.0,,,,,7407.23,7407.23,False,,,,,ASSET-00039,,888.87,15110.73,,,,,,
CTR-0029,CUST-0027,2023-10,61.0,,,,,7407.23,7407.23,False,,,,,ASSET-00039,,888.87,14221.86,,,,,,
CTR-0029,CUST-0027,2023-11,61.0,,,,,7407.23,7407.23,False,,,,,ASSET-00039,,888.87,13332.99,,,,,,
CTR-0029,CUST-0027,2023-12,61.0,,,,,7407.23,7407.23,False,,,,,ASSET-00039,,888.87,12444.12,,,,,,
CTR-0029,CUST-0027,2024-01,61.0,,,,,7407.23,7407.23,False,,,,,ASSET-00039,,888.87,11555.25,,,,,,
CTR-0029,CUST-0027,2024-02,61.0,,,,,7407.23,7407.23,False,,,,,ASSET-00039,,888.87,10666.38,,,,,,
CTR-0029,CUST-0027,2024-03,61.0,,,,,7407.23,7407.23,False,,,,,ASSET-00039,,888.87,9777.51,,,,,,
CTR-0029,CUST-0027,2024-04,61.0,,,,,7407.23,7407.23,False,,,,,ASSET-00039,,888.87,8888.64,,,,,,
CTR-0029,CUST-0027,2024-05,61.0,,,,,7407.23,7407.23,False,,,,,ASSET-00039,,888.87,7999.77,,,,,,
CTR-0029,CUST-0027,2024-06,61.0,,,,,7407.23,7407.23,False,,,,,ASSET-00039,,888.87,7110.9,,,,,,
CTR-0029,CUST-0027,2024-07,61.0,,,,,7407.23,7407.23,False,,,,,ASSET-00039,,888.87,6222.03,,,,,,
CTR-0029,CUST-0027,2024-08,61.0,,,,,7407.23,7407.23,False,,,,,ASSET-00039,,888.87,5333.16,,,,,,
CTR-0029,CUST-0027,2024-09,61.0,,,,,7407.23,7407.23,False,,,,,ASSET-00039,,888.87,4444.29,,,,,,
CTR-0029,CUST-0027,2024-10,61.0,,,,,7407.23,7407.23,False,,,,,ASSET-00039,,888.87,3555.42,,,,,,
CTR-0029,CUST-0027,2024-11,61.0,,,,,7407.23,7407.23,False,,,,,ASSET-00039,,888.87,2666.55,,,,,,
CTR-0029,CUST-0027,2024-12,61.0,,,,,7407.23,7407.23,False,,,,,ASSET-00039,,888.87,1777.68,,,,,,
CTR-0030,CUST-0027,2023-03,,,,,,737.07,737.07,False,,,new,,ASSET-00040,2122.76,88.45,2034.31,,,,,original_asset_created,
CTR-0030,CUST-0027,2023-04,,,,,,737.07,737.07,False,,,,,ASSET-00040,,88.45,1945.86,,,,,,
CTR-0030,CUST-0027,2023-05,,,,,,737.07,737.07,False,,,,,ASSET-00040,,88.45,1857.41,,,,,,
CTR-0030,CUST-0027,2023-06,,,,,,737.07,737.07,False,,,,,ASSET-00040,,88.45,1768.96,,,,,,
CTR-0030,CUST-0027,2023-07,,,,,,737.07,737.07,False,,,,,ASSET-00040,,88.45,1680.51,,,,,,
CTR-0030,CUST-0027,2023-08,,,,,,1043.86,1043.86,False,tier_upgrade,306.79,expansion,,ASSET-00040,,88.45,1592.06,ASSET-00041,589.04,24.54,564.5,expansion_asset_created,
CTR-0030,CUST-0027,2023-09,,,,,,1043.86,1043.86,False,,,,,ASSET-00040,,88.45,1503.61,ASSET-00041,,24.54,539.96,,
CTR-0030,CUST-0027,2023-10,,,,,,1043.86,1043.86,False,,,,,ASSET-00040,,88.45,1415.16,ASSET-00041,,24.54,515.42,,
CTR-0030,CUST-0027,2023-11,,,,,,1043.86,1043.86,False,,,,,ASSET-00040,,88.45,1326.71,ASSET-00041,,24.54,490.88,,
CTR-0030,CUST-0027,2023-12,,,,,,1043.86,1043.86,False,,,,,ASSET-00040,,88.45,1238.26,ASSET-00041,,24.54,466.34,,
CTR-0030,CUST-0027,2024-01,,,,,,1043.86,1043.86,False,,,,,ASSET-00040,,88.45,1149.81,ASSET-00041,,24.54,441.8,,
CTR-0030,CUST-0027,2024-02,,,,,,1043.86,1043.86,False,,,,,ASSET-00040,,88.45,1061.36,ASSET-00041,,24.54,417.26,,
CTR-0030,CUST-0027,2024-03,,,,,,1043.86,1043.86,False,,,,,ASSET-00040,,88.45,972.91,ASSET-00041,,24.54,392.72,,
CTR-0030,CUST-0027,2024-04,,,,,,1043.86,1043.86,False,,,,,ASSET-00040,,88.45,884.46,ASSET-00041,,24.54,368.18,,
CTR-0030,CUST-0027,2024-05,,,,,,1043.86,1043.86,False,,,,,ASSET-00040,,88.45,796.01,ASSET-00041,,24.54,343.64,,
CTR-0030,CUST-0027,2024-06,,,,,,1043.86,1043.86,False,,,,,ASSET-00040,,88.45,707.56,ASSET-00041,,24.54,319.1,,
CTR-0030,CUST-0027,2024-07,,,,,,1043.86,1043.86,False,,,,,ASSET-00040,,88.45,619.11,ASSET-00041,,24.54,294.56,,
CTR-0030,CUST-0027,2024-08,,,,,,1043.86,1043.86,False,,,,,ASSET-00040,,88.45,530.66,ASSET-00041,,24.54,270.02,,
CTR-0030,CUST-0027,2024-09,,,,,,1043.86,1043.86,False,,,,,ASSET-00040,,88.45,442.21,ASSET-00041,,24.54,245.48,,
CTR-0030,CUST-0027,2024-10,,,,,,1043.86,1043.86,False,,,,,ASSET-00040,,88.45,353.76,ASSET-00041,,24.54,220.94,,
CTR-0030,CUST-0027,2024-11,,,,,,1043.86,1043.86,False,,,,,ASSET-00040,,88.45,265.31,ASSET-00041,,24.54,196.4,,
CTR-0030,CUST-0027,2024-12,,,,,,1043.86,1043.86,False,,,,,ASSET-00040,,88.45,176.86,ASSET-00041,,24.54,171.86,,
CTR-0031,CUST-0028,2023-04,35.0,,,,,6431.6,19294.8,False,,,new,576.35,ASSET-00042,11576.88,321.58,11255.3,,,,,original_asset_created,
CTR-0031,CUST-0028,2023-05,35.0,,,,,6431.6,0.0,False,,,,576.35,ASSET-00042,,321.58,10933.72,,,,,,
CTR-0031,CUST-0028,2023-06,35.0,,,,,6431.6,0.0,False,,,,576.35,ASSET-00042,,321.58,10612.14,,,,,,
CTR-0031,CUST-0028,2023-07,35.0,,,,,6431.6,19294.8,False,,,,576.35,ASSET-00042,,321.58,10290.56,,,,,,
CTR-0031,CUST-0028,2023-08,49.0,,,,,9004.24,0.0,False,seat_add,2572.64,expansion,576.35,ASSET-00042,,321.58,9968.98,ASSET-00043,6174.34,171.51,6002.83,expansion_asset_created,
CTR-0031,CUST-0028,2023-09,49.0,,,,,9004.24,0.0,False,,,,576.35,ASSET-00042,,321.58,9647.4,ASSET-00043,,171.51,5831.32,,
CTR-0031,CUST-0028,2023-10,49.0,,,,,9004.24,27012.72,False,,,,576.35,ASSET-00042,,321.58,9325.82,ASSET-00043,,171.51,5659.81,,
CTR-0031,CUST-0028,2023-11,49.0,,,,,9004.24,0.0,False,,,,576.35,ASSET-00042,,321.58,9004.24,ASSET-00043,,171.51,5488.3,,
CTR-0031,CUST-0028,2023-12,49.0,,,,,9004.24,0.0,False,,,,576.35,ASSET-00042,,321.58,8682.66,ASSET-00043,,171.51,5316.79,,
CTR-0031,CUST-0028,2024-01,49.0,,,,,9004.24,27012.72,False,,,,576.35,ASSET-00042,,321.58,8361.08,ASSET-00043,,171.51,5145.28,,
CTR-0031,CUST-0028,2024-02,49.0,,,,,9004.24,0.0,False,,,,576.35,ASSET-00042,,321.58,8039.5,ASSET-00043,,171.51,4973.77,,
CTR-0031,CUST-0028,2024-03,49.0,,,,,9004.24,0.0,False,,,,576.35,ASSET-00042,,321.58,7717.92,ASSET-00043,,171.51,4802.26,,
CTR-0031,CUST-0028,2024-04,49.0,,,,,9004.24,27012.72,False,,,,576.35,ASSET-00042,,321.58,7396.34,ASSET-00043,,171.51,4630.75,,
CTR-0031,CUST-0028,2024-05,49.0,,,,,9004.24,0.0,False,,,,576.35,ASSET-00042,,321.58,7074.76,ASSET-00043,,171.51,4459.24,,
CTR-0031,CUST-0028,2024-06,49.0,,,,,9004.24,0.0,False,,,,576.35,ASSET-00042,,321.58,6753.18,ASSET-00043,,171.51,4287.73,,
CTR-0031,CUST-0028,2024-07,49.0,,,,,9004.24,27012.72,False,,,,576.35,ASSET-00042,,321.58,6431.6,ASSET-00043,,171.51,4116.22,,
CTR-0031,CUST-0028,2024-08,49.0,,,,,9004.24,0.0,False,,,,576.35,ASSET-00042,,321.58,6110.02,ASSET-00043,,171.51,3944.71,,
CTR-0031,CUST-0028,2024-09,49.0,,,,,9004.24,0.0,False,,,,576.35,ASSET-00042,,321.58,5788.44,ASSET-00043,,171.51,3773.2,,
CTR-0031,CUST-0028,2024-10,49.0,,,,,9004.24,27012.72,False,,,,576.35,ASSET-00042,,321.58,5466.86,ASSET-00043,,171.51,3601.69,,
CTR-0031,CUST-0028,2024-11,49.0,,,,,9004.24,0.0,False,,,,576.35,ASSET-00042,,321.58,5145.28,ASSET-00043,,171.51,3430.18,,
CTR-0031,CUST-0028,2024-12,49.0,,,,,9004.24,0.0,False,,,,576.35,ASSET-00042,,321.58,4823.7,ASSET-00043,,171.51,3258.67,,
CTR-0032,CUST-0028,2023-04,,,,,,4658.55,13975.65,False,,,new,,ASSET-00044,8385.39,232.93,8152.46,,,,,original_asset_created,
CTR-0032,CUST-0028,2023-05,,,,,,4658.55,0.0,False,,,,,ASSET-00044,,232.93,7919.53,,,,,,
CTR-0032,CUST-0028,2023-06,,,,,,4658.55,0.0,False,,,,,ASSET-00044,,232.93,7686.6,,,,,,
CTR-0032,CUST-0028,2023-07,,,,,,4658.55,13975.65,False,,,,,ASSET-00044,,232.93,7453.67,,,,,,
CTR-0032,CUST-0028,2023-08,,,,,,4658.55,0.0,False,,,,,ASSET-00044,,232.93,7220.74,,,,,,
CTR-0032,CUST-0028,2023-09,,,,,,4658.55,0.0,False,,,,,ASSET-00044,,232.93,6987.81,,,,,,
CTR-0032,CUST-0028,2023-10,,,,,,4658.55,13975.65,False,,,,,ASSET-00044,,232.93,6754.88,,,,,,
CTR-0032,CUST-0028,2023-11,,,,,,4658.55,0.0,False,,,,,ASSET-00044,,232.93,6521.95,,,,,,
CTR-0032,CUST-0028,2023-12,,,,,,4658.55,0.0,False,,,,,ASSET-00044,,232.93,6289.02,,,,,,
CTR-0032,CUST-0028,2024-01,,,,,,4658.55,13975.65,False,,,,,ASSET-00044,,232.93,6056.09,,,,,,
CTR-0032,CUST-0028,2024-02,,,,,,4658.55,0.0,False,,,,,ASSET-00044,,232.93,5823.16,,,,,,
CTR-0032,CUST-0028,2024-03,,,,,,4658.55,0.0,False,,,,,ASSET-00044,,232.93,5590.23,,,,,,
CTR-0032,CUST-0028,2024-04,,,,,,4658.55,13975.65,False,,,,,ASSET-00044,,232.93,5357.3,,,,,,
CTR-0032,CUST-0028,2024-05,,,,,,4658.55,0.0,False,,,,,ASSET-00044,,232.93,5124.37,,,,,,
CTR-0032,CUST-0028,2024-06,,,,,,4658.55,0.0,False,,,,,ASSET-00044,,232.93,4891.44,,,,,,
CTR-0032,CUST-0028,2024-07,,,,,,4658.55,13975.65,False,,,,,ASSET-00044,,232.93,4658.51,,,,,,
CTR-0032,CUST-0028,2024-08,,,,,,4658.55,0.0,False,,,,,ASSET-00044,,232.93,4425.58,,,,,,
CTR-0032,CUST-0028,2024-09,,,,,,4658.55,0.0,False,,,,,ASSET-00044,,232.93,4192.65,,,,,,
CTR-0032,CUST-0028,2024-10,,,,,,4658.55,13975.65,False,,,,,ASSET-00044,,232.93,3959.72,,,,,,
CTR-0032,CUST-0028,2024-11,,,,,,4658.55,0.0,False,,,,,ASSET-00044,,232.93,3726.79,,,,,,
CTR-0032,CUST-0028,2024-12,,,,,,4658.55,0.0,False,,,,,ASSET-00044,,232.93,3493.86,,,,,,
CTR-0033,CUST-0029,2024-02,38.0,,,,,2923.34,35080.08,False,,,new,,ASSET-00045,3508.01,194.89,3313.12,,,,,original_asset_created,
CTR-0033,CUST-0029,2024-03,38.0,,,,,2923.34,0.0,False,,,,,ASSET-00045,,194.89,3118.23,,,,,,
CTR-0033,CUST-0029,2024-04,38.0,,,,,2923.34,0.0,False,,,,,ASSET-00045,,194.89,2923.34,,,,,,
CTR-0033,CUST-0029,2024-05,38.0,,,,,2923.34,0.0,False,,,,,ASSET-00045,,194.89,2728.45,,,,,,
CTR-0033,CUST-0029,2024-06,38.0,,,,,2923.34,0.0,False,,,,,ASSET-00045,,194.89,2533.56,,,,,,
CTR-0033,CUST-0029,2024-07,38.0,,,,,2923.34,0.0,False,,,,,ASSET-00045,,194.89,2338.67,,,,,,
CTR-0033,CUST-0029,2024-08,38.0,,,,,2923.34,0.0,False,,,,,ASSET-00045,,194.89,2143.78,,,,,,
CTR-0033,CUST-0029,2024-09,38.0,,,,,2923.34,0.0,False,,,,,ASSET-00045,,194.89,1948.89,,,,,,
CTR-0033,CUST-0029,2024-10,38.0,,,,,2923.34,0.0,False,,,,,ASSET-00045,,194.89,1754.0,,,,,,
CTR-0033,CUST-0029,2024-11,38.0,,,,,2923.34,0.0,False,,,,,ASSET-00045,,194.89,1559.11,,,,,,
CTR-0033,CUST-0029,2024-12,38.0,,,,,2923.34,0.0,False,,,,,ASSET-00045,,194.89,1364.22,,,,,,
CTR-0034,CUST-0029,2024-02,,,,,,0.0,0.0,True,,,,,,,,,,,,,,
CTR-0034,CUST-0029,2024-03,,,,,,0.0,0.0,True,,,,,,,,,,,,,,
CTR-0034,CUST-0029,2024-04,,,,,,371.15,4453.8,False,,,new,,ASSET-00046,445.38,24.74,420.64,,,,,original_asset_created,
CTR-0034,CUST-0029,2024-05,,,,,,371.15,0.0,False,,,,,ASSET-00046,,24.74,395.9,,,,,,
CTR-0034,CUST-0029,2024-06,,,,,,371.15,0.0,False,,,,,ASSET-00046,,24.74,371.16,,,,,,
CTR-0034,CUST-0029,2024-07,,,,,,371.15,0.0,False,,,,,ASSET-00046,,24.74,346.42,,,,,,
CTR-0034,CUST-0029,2024-08,,,,,,371.15,0.0,False,,,,,ASSET-00046,,24.74,321.68,,,,,,
CTR-0034,CUST-0029,2024-09,,,,,,371.15,0.0,False,,,,,ASSET-00046,,24.74,296.94,,,,,,
CTR-0034,CUST-0029,2024-10,,,,,,371.15,0.0,False,,,,,ASSET-00046,,24.74,272.2,,,,,,
CTR-0034,CUST-0029,2024-11,,,,,,371.15,0.0,False,,,,,ASSET-00046,,24.74,247.46,,,,,,
CTR-0034,CUST-0029,2024-12,,,,,,371.15,0.0,False,,,,,ASSET-00046,,24.74,222.72,,,,,,
CTR-0035,CUST-0030,2023-10,32.0,,,,,4429.44,53153.28,False,,,new,,ASSET-00047,6378.39,265.77,6112.62,,,,,original_asset_created,
CTR-0035,CUST-0030,2023-11,32.0,,,,,4429.44,0.0,False,,,,,ASSET-00047,,265.77,5846.85,,,,,,
CTR-0035,CUST-0030,2023-12,32.0,,,,,4429.44,0.0,False,,,,,ASSET-00047,,265.77,5581.08,,,,,,
CTR-0035,CUST-0030,2024-01,32.0,,,,,4429.44,0.0,False,,,,,ASSET-00047,,265.77,5315.31,,,,,,
CTR-0035,CUST-0030,2024-02,32.0,,,,,4429.44,0.0,False,,,,,ASSET-00047,,265.77,5049.54,,,,,,
CTR-0035,CUST-0030,2024-03,32.0,,,,,4429.44,0.0,False,,,,,ASSET-00047,,265.77,4783.77,,,,,,
CTR-0035,CUST-0030,2024-04,32.0,,,,,4429.44,0.0,False,,,,,ASSET-00047,,265.77,4518.0,,,,,,
CTR-0035,CUST-0030,2024-05,32.0,,,,,4429.44,0.0,False,,,,,ASSET-00047,,265.77,4252.23,,,,,,
CTR-0035,CUST-0030,2024-06,32.0,,,,,4429.44,0.0,False,,,,,ASSET-00047,,265.77,3986.46,,,,,,
CTR-0035,CUST-0030,2024-07,32.0,,,,,4429.44,0.0,False,,,,,ASSET-00047,,265.77,3720.69,,,,,,
CTR-0035,CUST-0030,2024-08,32.0,,,,,4429.44,0.0,False,,,,,ASSET-00047,,265.77,3454.92,,,,,,
CTR-0035,CUST-0030,2024-09,32.0,,,,,4429.44,0.0,False,,,,,ASSET-00047,,265.77,3189.15,,,,,,
CTR-0035,CUST-0030,2024-10,32.0,,,,,4429.44,0.0,False,,,,,ASSET-00047,,265.77,2923.38,,,,,,
CTR-0035,CUST-0030,2024-11,32.0,,,,,4429.44,0.0,False,,,,,ASSET-00047,,265.77,2657.61,,,,,,
CTR-0035,CUST-0030,2024-12,32.0,,,,,4429.44,0.0,False,,,,,ASSET-00047,,265.77,2391.84,,,,,,
CTR-0036,CUST-0030,2023-10,,,,,,1359.07,16308.84,False,,,new,,ASSET-00048,1957.06,81.54,1875.52,,,,,original_asset_created,
CTR-0036,CUST-0030,2023-11,,,,,,1359.07,0.0,False,,,,,ASSET-00048,,81.54,1793.98,,,,,,
CTR-0036,CUST-0030,2023-12,,,,,,1359.07,0.0,False,,,,,ASSET-00048,,81.54,1712.44,,,,,,
CTR-0036,CUST-0030,2024-01,,,,,,1359.07,0.0,False,,,,,ASSET-00048,,81.54,1630.9,,,,,,
CTR-0036,CUST-0030,2024-02,,,,,,1359.07,0.0,False,,,,,ASSET-00048,,81.54,1549.36,,,,,,
CTR-0036,CUST-0030,2024-03,,,,,,1661.96,0.0,False,tier_upgrade,302.89,expansion,,ASSET-00048,,81.54,1467.82,ASSET-00049,327.12,13.63,313.49,expansion_asset_created,
CTR-0036,CUST-0030,2024-04,,,,,,1661.96,0.0,False,,,,,ASSET-00048,,81.54,1386.28,ASSET-00049,,13.63,299.86,,
CTR-0036,CUST-0030,2024-05,,,,,,1661.96,0.0,False,,,,,ASSET-00048,,81.54,1304.74,ASSET-00049,,13.63,286.23,,
CTR-0036,CUST-0030,2024-06,,,,,,1661.96,0.0,False,,,,,ASSET-00048,,81.54,1223.2,ASSET-00049,,13.63,272.6,,
CTR-0036,CUST-0030,2024-07,,,,,,1661.96,0.0,False,,,,,ASSET-00048,,81.54,1141.66,ASSET-00049,,13.63,258.97,,
CTR-0036,CUST-0030,2024-08,,,,,,1661.96,0.0,False,,,,,ASSET-00048,,81.54,1060.12,ASSET-00049,,13.63,245.34,,
CTR-0036,CUST-0030,2024-09,,,,,,1661.96,0.0,False,,,,,ASSET-00048,,81.54,978.58,ASSET-00049,,13.63,231.71,,
CTR-0036,CUST-0030,2024-10,,,,,,1661.96,0.0,False,,,,,ASSET-00048,,81.54,897.04,ASSET-00049,,13.63,218.08,,
CTR-0036,CUST-0030,2024-11,,,,,,1661.96,0.0,False,,,,,ASSET-00048,,81.54,815.5,ASSET-00049,,13.63,204.45,,
CTR-0036,CUST-0030,2024-12,,,,,,1661.96,0.0,False,,,,,ASSET-00048,,81.54,733.96,ASSET-00049,,13.63,190.82,,
CTR-0037,CUST-0031,2024-05,72.0,,,,,11567.52,11567.52,False,,,new,,ASSET-00050,62464.61,1735.13,60729.48,,,,,original_asset_created,
CTR-0037,CUST-0031,2024-06,72.0,,,,,11567.52,11567.52,False,,,,,ASSET-00050,,1735.13,58994.35,,,,,,
CTR-0037,CUST-0031,2024-07,72.0,,,,,11567.52,11567.52,False,,,,,ASSET-00050,,1735.13,57259.22,,,,,,
CTR-0037,CUST-0031,2024-08,72.0,,,,,11567.52,11567.52,False,,,,,ASSET-00050,,1735.13,55524.09,,,,,,
CTR-0037,CUST-0031,2024-09,72.0,,,,,11567.52,11567.52,False,,,,,ASSET-00050,,1735.13,53788.96,,,,,,
CTR-0037,CUST-0031,2024-10,72.0,,,,,11567.52,11567.52,False,,,,,ASSET-00050,,1735.13,52053.83,,,,,,
CTR-0037,CUST-0031,2024-11,72.0,,,,,11567.52,11567.52,False,,,,,ASSET-00050,,1735.13,50318.7,,,,,,
CTR-0037,CUST-0031,2024-12,72.0,,,,,11567.52,11567.52,False,,,,,ASSET-00050,,1735.13,48583.57,,,,,,
CTR-0038,CUST-0031,2024-05,,,,,,1780.39,1780.39,False,,,new,,ASSET-00051,9614.11,267.06,9347.05,,,,,original_asset_created,
CTR-0038,CUST-0031,2024-06,,,,,,1780.39,1780.39,False,,,,,ASSET-00051,,267.06,9079.99,,,,,,
CTR-0038,CUST-0031,2024-07,,,,,,1780.39,1780.39,False,,,,,ASSET-00051,,267.06,8812.93,,,,,,
CTR-0038,CUST-0031,2024-08,,,,,,1780.39,1780.39,False,,,,,ASSET-00051,,267.06,8545.87,,,,,,
CTR-0038,CUST-0031,2024-09,,,,,,1780.39,1780.39,False,,,,,ASSET-00051,,267.06,8278.81,,,,,,
CTR-0038,CUST-0031,2024-10,,,,,,1780.39,1780.39,False,,,,,ASSET-00051,,267.06,8011.75,,,,,,
CTR-0038,CUST-0031,2024-11,,,,,,1301.45,1301.45,False,tier_downgrade,-478.94,contraction,,ASSET-00051,,267.06,7744.69,,,,,,
CTR-0038,CUST-0031,2024-12,,,,,,1301.45,1301.45,False,,,,,ASSET-00051,,267.06,7477.63,,,,,,
CTR-0039,CUST-0032,2023-08,56.0,,,,,3444.0,3444.0,False,,,new,,ASSET-00052,6199.2,344.4,5854.8,,,,,original_asset_created,
CTR-0039,CUST-0032,2023-09,56.0,,,,,3444.0,3444.0,False,,,,,ASSET-00052,,344.4,5510.4,,,,,,
CTR-0039,CUST-0032,2023-10,56.0,,,,,3444.0,3444.0,False,,,,,ASSET-00052,,344.4,5166.0,,,,,,
CTR-0039,CUST-0032,2023-11,56.0,,,,,3444.0,3444.0,False,,,,,ASSET-00052,,344.4,4821.6,,,,,,
CTR-0039,CUST-0032,2023-12,56.0,,,,,3444.0,3444.0,False,,,,,ASSET-00052,,344.4,4477.2,,,,,,
CTR-0039,CUST-0032,2024-01,56.0,,,,,3444.0,3444.0,False,,,,,ASSET-00052,,344.4,4132.8,,,,,,
CTR-0039,CUST-0032,2024-02,56.0,,,,,3444.0,3444.0,False,early_termination,,churned,,ASSET-00052,,344.4,3788.4,,,,,,unknown
CTR-0040,CUST-0032,2023-08,,,,,,556.71,556.71,False,,,new,,ASSET-00053,1002.08,55.67,946.41,,,,,original_asset_created,
CTR-0040,CUST-0032,2023-09,,,,,,556.71,556.71,False,,,,,ASSET-00053,,55.67,890.74,,,,,,
CTR-0040,CUST-0032,2023-10,,,,,,556.71,556.71,False,,,,,ASSET-00053,,55.67,835.07,,,,,,
CTR-0040,CUST-0032,2023-11,,,,,,556.71,556.71,False,,,,,ASSET-00053,,55.67,779.4,,,,,,
CTR-0040,CUST-0032,2023-12,,,,,,556.71,556.71,False,,,,,ASSET-00053,,55.67,723.73,,,,,,
CTR-0040,CUST-0032,2024-01,,,,,,556.71,556.71,False,,,,,ASSET-00053,,55.67,668.06,,,,,,
CTR-0040,CUST-0032,2024-02,,,,,,556.71,556.71,False,,,,,ASSET-00053,,55.67,612.39,,,,,,
CTR-0040,CUST-0032,2024-03,,,,,,556.71,556.71,False,,,,,ASSET-00053,,55.67,556.72,,,,,,
CTR-0040,CUST-0032,2024-04,,,,,,556.71,556.71,False,,,,,ASSET-00053,,55.67,501.05,,,,,,
CTR-0040,CUST-0032,2024-05,,,,,,556.71,556.71,False,,,,,ASSET-00053,,55.67,445.38,,,,,,
CTR-0040,CUST-0032,2024-06,,,,,,556.71,556.71,False,,,,,ASSET-00053,,55.67,389.71,,,,,,
CTR-0040,CUST-0032,2024-07,,,,,,556.71,556.71,False,,,,,ASSET-00053,,55.67,334.04,,,,,,
CTR-0040,CUST-0032,2024-08,,,,,,556.71,556.71,False,,,,,ASSET-00053,,55.67,278.37,,,,,,
CTR-0040,CUST-0032,2024-09,,,,,,556.71,556.71,False,,,,,ASSET-00053,,55.67,222.7,,,,,,
CTR-0040,CUST-0032,2024-10,,,,,,556.71,556.71,False,,,,,ASSET-00053,,55.67,167.03,,,,,,
CTR-0040,CUST-0032,2024-11,,,,,,556.71,556.71,False,,,,,ASSET-00053,,55.67,111.36,,,,,,
CTR-0040,CUST-0032,2024-12,,,,,,556.71,556.71,False,,,,,ASSET-00053,,55.67,55.69,,,,,,
CTR-0041,CUST-0033,2023-11,38.0,,,,,4434.6,13303.8,False,,,new,,ASSET-00054,6385.82,266.08,6119.74,,,,,original_asset_created,
CTR-0041,CUST-0033,2023-12,38.0,,,,,4434.6,0.0,False,,,,,ASSET-00054,,266.08,5853.66,,,,,,
CTR-0041,CUST-0033,2024-01,38.0,,,,,4434.6,0.0,False,,,,,ASSET-00054,,266.08,5587.58,,,,,,
CTR-0041,CUST-0033,2024-02,38.0,,,,,4434.6,13303.8,False,,,,,ASSET-00054,,266.08,5321.5,,,,,,
CTR-0041,CUST-0033,2024-03,47.0,,,,,5484.9,0.0,False,seat_add,1050.3,expansion,,ASSET-00054,,266.08,5055.42,ASSET-00055,1134.32,47.26,1087.06,expansion_asset_created,
CTR-0041,CUST-0033,2024-04,47.0,,,,,5484.9,0.0,False,,,,,ASSET-00054,,266.08,4789.34,ASSET-00055,,47.26,1039.8,,
CTR-0041,CUST-0033,2024-05,47.0,,,,,5484.9,16454.7,False,,,,,ASSET-00054,,266.08,4523.26,ASSET-00055,,47.26,992.54,,
CTR-0041,CUST-0033,2024-06,47.0,,,,,5484.9,0.0,False,,,,,ASSET-00054,,266.08,4257.18,ASSET-00055,,47.26,945.28,,
CTR-0041,CUST-0033,2024-07,47.0,,,,,5484.9,0.0,False,,,,,ASSET-00054,,266.08,3991.1,ASSET-00055,,47.26,898.02,,
CTR-0041,CUST-0033,2024-08,47.0,,,,,5484.9,16454.7,False,,,,,ASSET-00054,,266.08,3725.02,ASSET-00055,,47.26,850.76,,
CTR-0041,CUST-0033,2024-09,47.0,,,,,5484.9,0.0,False,,,,,ASSET-00054,,266.08,3458.94,ASSET-00055,,47.26,803.5,,
CTR-0041,CUST-0033,2024-10,47.0,,,,,5484.9,0.0,False,,,,,ASSET-00054,,266.08,3192.86,ASSET-00055,,47.26,756.24,,
CTR-0041,CUST-0033,2024-11,47.0,,,,,5484.9,16454.7,False,,,,,ASSET-00054,,266.08,2926.78,ASSET-00055,,47.26,708.98,,
CTR-0041,CUST-0033,2024-12,47.0,,,,,5484.9,0.0,False,,,,,ASSET-00054,,266.08,2660.7,ASSET-00055,,47.26,661.72,,
CTR-0042,CUST-0033,2023-11,,,,,,971.86,2915.58,False,,,new,,ASSET-00056,1399.48,58.31,1341.17,,,,,original_asset_created,
CTR-0042,CUST-0033,2023-12,,,,,,971.86,0.0,False,,,,,ASSET-00056,,58.31,1282.86,,,,,,
CTR-0042,CUST-0033,2024-01,,,,,,971.86,0.0,False,,,,,ASSET-00056,,58.31,1224.55,,,,,,
CTR-0042,CUST-0033,2024-02,,,,,,971.86,2915.58,False,,,,,ASSET-00056,,58.31,1166.24,,,,,,
CTR-0042,CUST-0033,2024-03,,,,,,971.86,0.0,False,,,,,ASSET-00056,,58.31,1107.93,,,,,,
CTR-0042,CUST-0033,2024-04,,,,,,1417.17,0.0,False,tier_upgrade,445.31,expansion,,ASSET-00056,,58.31,1049.62,ASSET-00057,427.5,17.81,409.69,expansion_asset_created,
CTR-0042,CUST-0033,2024-05,,,,,,1417.17,4251.51,False,,,,,ASSET-00056,,58.31,991.31,ASSET-00057,,17.81,391.88,,
CTR-0042,CUST-0033,2024-06,,,,,,1417.17,0.0,False,,,,,ASSET-00056,,58.31,933.0,ASSET-00057,,17.81,374.07,,
CTR-0042,CUST-0033,2024-07,,,,,,1417.17,0.0,False,,,,,ASSET-00056,,58.31,874.69,ASSET-00057,,17.81,356.26,,
CTR-0042,CUST-0033,2024-08,,,,,,1417.17,4251.51,False,,,,,ASSET-00056,,58.31,816.38,ASSET-00057,,17.81,338.45,,
CTR-0042,CUST-0033,2024-09,,,,,,1417.17,0.0,False,,,,,ASSET-00056,,58.31,758.07,ASSET-00057,,17.81,320.64,,
CTR-0042,CUST-0033,2024-10,,,,,,1417.17,0.0,False,,,,,ASSET-00056,,58.31,699.76,ASSET-00057,,17.81,302.83,,
CTR-0042,CUST-0033,2024-11,,,,,,1417.17,4251.51,False,,,,,ASSET-00056,,58.31,641.45,ASSET-00057,,17.81,285.02,,
CTR-0042,CUST-0033,2024-12,,,,,,1417.17,0.0,False,,,,,ASSET-00056,,58.31,583.14,ASSET-00057,,17.81,267.21,,
CTR-0043,CUST-0034,2023-03,6.0,,,,,1285.44,15425.28,False,,,new,2075.85,ASSET-00058,2313.79,64.27,2249.52,,,,,original_asset_created,
CTR-0043,CUST-0034,2023-04,6.0,,,,,1285.44,0.0,False,,,,2075.85,ASSET-00058,,64.27,2185.25,,,,,,
CTR-0043,CUST-0034,2023-05,6.0,,,,,1285.44,0.0,False,,,,2075.85,ASSET-00058,,64.27,2120.98,,,,,,
CTR-0043,CUST-0034,2023-06,6.0,,,,,1285.44,0.0,False,,,,2075.85,ASSET-00058,,64.27,2056.71,,,,,,
CTR-0043,CUST-0034,2023-07,6.0,,,,,1285.44,0.0,False,,,,2075.85,ASSET-00058,,64.27,1992.44,,,,,,
CTR-0043,CUST-0034,2023-08,6.0,,,,,1285.44,0.0,False,,,,2075.85,ASSET-00058,,64.27,1928.17,,,,,,
CTR-0043,CUST-0034,2023-09,6.0,,,,,1285.44,0.0,False,,,,2075.85,ASSET-00058,,64.27,1863.9,,,,,,
CTR-0043,CUST-0034,2023-10,6.0,,,,,1285.44,0.0,False,,,,2075.85,ASSET-00058,,64.27,1799.63,,,,,,
CTR-0043,CUST-0034,2023-11,6.0,,,,,1285.44,0.0,False,,,,2075.85,ASSET-00058,,64.27,1735.36,,,,,,
CTR-0043,CUST-0034,2023-12,6.0,,,,,1285.44,0.0,False,,,,2075.85,ASSET-00058,,64.27,1671.09,,,,,,
CTR-0043,CUST-0034,2024-01,6.0,,,,,1285.44,0.0,False,,,,2075.85,ASSET-00058,,64.27,1606.82,,,,,,
CTR-0043,CUST-0034,2024-02,6.0,,,,,1285.44,0.0,False,,,,2075.85,ASSET-00058,,64.27,1542.55,,,,,,
CTR-0043,CUST-0034,2024-03,6.0,,,,,1285.44,0.0,False,,,,2075.85,ASSET-00058,,64.27,1478.28,,,,,,
CTR-0043,CUST-0034,2024-04,6.0,,,,,1285.44,0.0,False,,,,2075.85,ASSET-00058,,64.27,1414.01,,,,,,
CTR-0043,CUST-0034,2024-05,6.0,,,,,1285.44,0.0,False,,,,2075.85,ASSET-00058,,64.27,1349.74,,,,,,
CTR-0043,CUST-0034,2024-06,6.0,,,,,1285.44,0.0,False,,,,2075.85,ASSET-00058,,64.27,1285.47,,,,,,
CTR-0043,CUST-0034,2024-07,6.0,,,,,1285.44,0.0,False,,,,2075.85,ASSET-00058,,64.27,1221.2,,,,,,
CTR-0043,CUST-0034,2024-08,6.0,,,,,1285.44,0.0,False,,,,2075.85,ASSET-00058,,64.27,1156.93,,,,,,
CTR-0043,CUST-0034,2024-09,6.0,,,,,1285.44,0.0,False,,,,2075.85,ASSET-00058,,64.27,1092.66,,,,,,
CTR-0043,CUST-0034,2024-10,6.0,,,,,1285.44,0.0,False,,,,2075.85,ASSET-00058,,64.27,1028.39,,,,,,
CTR-0043,CUST-0034,2024-11,6.0,,,,,1285.44,0.0,False,,,,2075.85,ASSET-00058,,64.27,964.12,,,,,,
CTR-0043,CUST-0034,2024-12,6.0,,,,,1285.44,0.0,False,,,,2075.85,ASSET-00058,,64.27,899.85,,,,,,
CTR-0044,CUST-0034,2023-03,,,,,,1756.41,21076.92,False,,,new,,ASSET-00059,3161.54,87.82,3073.72,,,,,original_asset_created,
CTR-0044,CUST-0034,2023-04,,,,,,1756.41,0.0,False,,,,,ASSET-00059,,87.82,2985.9,,,,,,
CTR-0044,CUST-0034,2023-05,,,,,,1756.41,0.0,False,,,,,ASSET-00059,,87.82,2898.08,,,,,,
CTR-0044,CUST-0034,2023-06,,,,,,1756.41,0.0,False,,,,,ASSET-00059,,87.82,2810.26,,,,,,
CTR-0044,CUST-0034,2023-07,,,,,,1756.41,0.0,False,,,,,ASSET-00059,,87.82,2722.44,,,,,,
CTR-0044,CUST-0034,2023-08,,,,,,1756.41,0.0,False,,,,,ASSET-00059,,87.82,2634.62,,,,,,
CTR-0044,CUST-0034,2023-09,,,,,,1756.41,0.0,False,,,,,ASSET-00059,,87.82,2546.8,,,,,,
CTR-0044,CUST-0034,2023-10,,,,,,1756.41,0.0,False,,,,,ASSET-00059,,87.82,2458.98,,,,,,
CTR-0044,CUST-0034,2023-11,,,,,,1756.41,0.0,False,,,,,ASSET-00059,,87.82,2371.16,,,,,,
CTR-0044,CUST-0034,2023-12,,,,,,1756.41,0.0,False,,,,,ASSET-00059,,87.82,2283.34,,,,,,
CTR-0044,CUST-0034,2024-01,,,,,,1756.41,0.0,False,,,,,ASSET-00059,,87.82,2195.52,,,,,,
CTR-0044,CUST-0034,2024-02,,,,,,1756.41,0.0,False,,,,,ASSET-00059,,87.82,2107.7,,,,,,
CTR-0044,CUST-0034,2024-03,,,,,,1756.41,0.0,False,,,,,ASSET-00059,,87.82,2019.88,,,,,,
CTR-0044,CUST-0034,2024-04,,,,,,1756.41,0.0,False,,,,,ASSET-00059,,87.82,1932.06,,,,,,
CTR-0044,CUST-0034,2024-05,,,,,,1756.41,0.0,False,,,,,ASSET-00059,,87.82,1844.24,,,,,,
CTR-0044,CUST-0034,2024-06,,,,,,1756.41,0.0,False,,,,,ASSET-00059,,87.82,1756.42,,,,,,
CTR-0044,CUST-0034,2024-07,,,,,,1756.41,0.0,False,,,,,ASSET-00059,,87.82,1668.6,,,,,,
CTR-0044,CUST-0034,2024-08,,,,,,1756.41,0.0,False,,,,,ASSET-00059,,87.82,1580.78,,,,,,
CTR-0044,CUST-0034,2024-09,,,,,,1756.41,0.0,False,,,,,ASSET-00059,,87.82,1492.96,,,,,,
CTR-0044,CUST-0034,2024-10,,,,,,1756.41,0.0,False,,,,,ASSET-00059,,87.82,1405.14,,,,,,
CTR-0044,CUST-0034,2024-11,,,,,,1756.41,0.0,False,,,,,ASSET-00059,,87.82,1317.32,,,,,,
CTR-0044,CUST-0034,2024-12,,,,,,1756.41,0.0,False,,,,,ASSET-00059,,87.82,1229.5,,,,,,
CTR-0045,CUST-0035,2023-12,13.0,,,,,1075.23,12902.76,False,,,new,,ASSET-00060,1290.28,71.68,1218.6,,,,,original_asset_created,
CTR-0045,CUST-0035,2024-01,13.0,,,,,1075.23,0.0,False,,,,,ASSET-00060,,71.68,1146.92,,,,,,
CTR-0045,CUST-0035,2024-02,13.0,,,,,1075.23,0.0,False,,,,,ASSET-00060,,71.68,1075.24,,,,,,
CTR-0045,CUST-0035,2024-03,13.0,,,,,1075.23,0.0,False,,,,,ASSET-00060,,71.68,1003.56,,,,,,
CTR-0045,CUST-0035,2024-04,13.0,,,,,1075.23,0.0,False,,,,,ASSET-00060,,71.68,931.88,,,,,,
CTR-0045,CUST-0035,2024-05,13.0,,,,,1075.23,0.0,False,early_termination,,churned,,ASSET-00060,,71.68,860.2,,,,,,unknown
CTR-0046,CUST-0035,2023-12,,,,,,622.12,7465.44,False,,,new,,ASSET-00061,746.54,41.47,705.07,,,,,original_asset_created,
CTR-0046,CUST-0035,2024-01,,,,,,622.12,0.0,False,,,,,ASSET-00061,,41.47,663.6,,,,,,
CTR-0046,CUST-0035,2024-02,,,,,,622.12,0.0,False,,,,,ASSET-00061,,41.47,622.13,,,,,,
CTR-0046,CUST-0035,2024-03,,,,,,622.12,0.0,False,,,,,ASSET-00061,,41.47,580.66,,,,,,
CTR-0046,CUST-0035,2024-04,,,,,,622.12,0.0,False,,,,,ASSET-00061,,41.47,539.19,,,,,,
CTR-0046,CUST-0035,2024-05,,,,,,622.12,0.0,False,,,,,ASSET-00061,,41.47,497.72,,,,,,
CTR-0046,CUST-0035,2024-06,,,,,,622.12,0.0,False,,,,,ASSET-00061,,41.47,456.25,,,,,,
CTR-0046,CUST-0035,2024-07,,,,,,622.12,0.0,False,,,,,ASSET-00061,,41.47,414.78,,,,,,
CTR-0046,CUST-0035,2024-08,,,,,,622.12,0.0,False,,,,,ASSET-00061,,41.47,373.31,,,,,,
CTR-0046,CUST-0035,2024-09,,,,,,622.12,0.0,False,,,,,ASSET-00061,,41.47,331.84,,,,,,
CTR-0046,CUST-0035,2024-10,,,,,,622.12,0.0,False,,,,,ASSET-00061,,41.47,290.37,,,,,,
CTR-0046,CUST-0035,2024-11,,,,,,622.12,0.0,False,,,,,ASSET-00061,,41.47,248.9,,,,,,
CTR-0046,CUST-0035,2024-12,,,,,,622.12,0.0,False,,,,,ASSET-00061,,41.47,207.43,,,,,,
CTR-0047,CUST-0036,2023-01,90.0,,,,,5742.9,5742.9,False,,,new,,ASSET-00062,10337.22,574.29,9762.93,,,,,original_asset_created,
CTR-0047,CUST-0036,2023-02,90.0,,,,,5742.9,5742.9,False,,,,,ASSET-00062,,574.29,9188.64,,,,,,
CTR-0047,CUST-0036,2023-03,90.0,,,,,5742.9,5742.9,False,,,,,ASSET-00062,,574.29,8614.35,,,,,,
CTR-0047,CUST-0036,2023-04,90.0,,,,,5742.9,5742.9,False,,,,,ASSET-00062,,574.29,8040.06,,,,,,
CTR-0047,CUST-0036,2023-05,90.0,,,,,5742.9,5742.9,False,,,,,ASSET-00062,,574.29,7465.77,,,,,,
CTR-0047,CUST-0036,2023-06,90.0,,,,,5742.9,5742.9,False,,,,,ASSET-00062,,574.29,6891.48,,,,,,
CTR-0047,CUST-0036,2023-07,90.0,,,,,5742.9,5742.9,False,,,,,ASSET-00062,,574.29,6317.19,,,,,,
CTR-0047,CUST-0036,2023-08,90.0,,,,,5742.9,5742.9,False,,,,,ASSET-00062,,574.29,5742.9,,,,,,
CTR-0047,CUST-0036,2023-09,90.0,,,,,5742.9,5742.9,False,,,,,ASSET-00062,,574.29,5168.61,,,,,,
CTR-0047,CUST-0036,2023-10,90.0,,,,,5742.9,5742.9,False,,,,,ASSET-00062,,574.29,4594.32,,,,,,
CTR-0047,CUST-0036,2023-11,90.0,,,,,5742.9,5742.9,False,,,,,ASSET-00062,,574.29,4020.03,,,,,,
CTR-0047,CUST-0036,2023-12,90.0,,,,,5742.9,5742.9,False,,,,,ASSET-00062,,574.29,3445.74,,,,,,
CTR-0047,CUST-0036,2024-01,90.0,,,,,5742.9,5742.9,False,,,,,ASSET-00062,,574.29,2871.45,,,,,,
CTR-0047,CUST-0036,2024-02,90.0,,,,,5742.9,5742.9,False,,,,,ASSET-00062,,574.29,2297.16,,,,,,
CTR-0047,CUST-0036,2024-03,90.0,,,,,5742.9,5742.9,False,,,,,ASSET-00062,,574.29,1722.87,,,,,,
CTR-0047,CUST-0036,2024-04,90.0,,,,,5742.9,5742.9,False,,,,,ASSET-00062,,574.29,1148.58,,,,,,
CTR-0047,CUST-0036,2024-05,90.0,,,,,5742.9,5742.9,False,,,,,ASSET-00062,,574.29,574.29,,,,,,
CTR-0047,CUST-0036,2024-06,90.0,,,,,5742.9,5742.9,False,,,,,ASSET-00062,,574.29,0.0,,,,,,
CTR-0047,CUST-0036,2024-07,90.0,,,,,5742.9,5742.9,False,,,,,ASSET-00062,,574.29,0.0,,,,,,
CTR-0047,CUST-0036,2024-08,90.0,,,,,5742.9,5742.9,False,,,,,ASSET-00062,,574.29,0.0,,,,,,
CTR-0047,CUST-0036,2024-09,90.0,,,,,5742.9,5742.9,False,,,,,ASSET-00062,,574.29,0.0,,,,,,
CTR-0047,CUST-0036,2024-10,90.0,,,,,5742.9,5742.9,False,,,,,ASSET-00062,,574.29,0.0,,,,,,
CTR-0047,CUST-0036,2024-11,90.0,,,,,5742.9,5742.9,False,,,,,ASSET-00062,,574.29,0.0,,,,,,
CTR-0047,CUST-0036,2024-12,90.0,,,,,5742.9,5742.9,False,,,,,ASSET-00062,,574.29,0.0,,,,,,
CTR-0048,CUST-0037,2023-04,,,,,,763.36,9160.32,False,,,new,,ASSET-00063,916.03,50.89,865.14,,,,,original_asset_created,
CTR-0048,CUST-0037,2023-05,,,,,,763.36,0.0,False,,,,,ASSET-00063,,50.89,814.25,,,,,,
CTR-0048,CUST-0037,2023-06,,,,,,763.36,0.0,False,,,,,ASSET-00063,,50.89,763.36,,,,,,
CTR-0048,CUST-0037,2023-07,,,,,,763.36,0.0,False,,,,,ASSET-00063,,50.89,712.47,,,,,,
CTR-0048,CUST-0037,2023-08,,,,,,763.36,0.0,False,,,,,ASSET-00063,,50.89,661.58,,,,,,
CTR-0048,CUST-0037,2023-09,,,,,,763.36,0.0,False,,,,,ASSET-00063,,50.89,610.69,,,,,,
CTR-0048,CUST-0037,2023-10,,,,,,763.36,0.0,False,,,,,ASSET-00063,,50.89,559.8,,,,,,
CTR-0048,CUST-0037,2023-11,,,,,,763.36,0.0,False,,,,,ASSET-00063,,50.89,508.91,,,,,,
CTR-0048,CUST-0037,2023-12,,,,,,763.36,0.0,False,,,,,ASSET-00063,,50.89,458.02,,,,,,
CTR-0048,CUST-0037,2024-01,,,,,,763.36,0.0,False,,,,,ASSET-00063,,50.89,407.13,,,,,,
CTR-0048,CUST-0037,2024-02,,,,,,763.36,0.0,False,,,,,ASSET-00063,,50.89,356.24,,,,,,
CTR-0048,CUST-0037,2024-03,,,,,,763.36,0.0,False,,,,,ASSET-00063,,50.89,305.35,,,,,,
CTR-0048,CUST-0037,2024-04,,,,,,763.36,0.0,False,,,,,ASSET-00063,,50.89,254.46,,,,,,
CTR-0048,CUST-0037,2024-05,,,,,,763.36,0.0,False,,,,,ASSET-00063,,50.89,203.57,,,,,,
CTR-0048,CUST-0037,2024-06,,,,,,763.36,0.0,False,,,,,ASSET-00063,,50.89,152.68,,,,,,
CTR-0048,CUST-0037,2024-07,,,,,,763.36,0.0,False,,,,,ASSET-00063,,50.89,101.79,,,,,,
CTR-0048,CUST-0037,2024-08,,,,,,763.36,0.0,False,,,,,ASSET-00063,,50.89,50.9,,,,,,
CTR-0048,CUST-0037,2024-09,,,,,,763.36,0.0,False,,,,,ASSET-00063,,50.89,0.01,,,,,,
CTR-0048,CUST-0037,2024-10,,,,,,763.36,0.0,False,,,,,ASSET-00063,,50.89,0.0,,,,,,
CTR-0048,CUST-0037,2024-11,,,,,,763.36,0.0,False,,,,,ASSET-00063,,50.89,0.0,,,,,,
CTR-0048,CUST-0037,2024-12,,,,,,763.36,0.0,False,,,,,ASSET-00063,,50.89,0.0,,,,,,
CTR-0049,CUST-0038,2023-04,,1031.9,1200.0,0.0,0.0,5613.99,5613.99,False,,,new,,ASSET-00064,30315.55,842.1,29473.45,,,,,original_asset_created,
CTR-0049,CUST-0038,2023-05,,938.0,1200.0,0.0,0.0,5613.99,5613.99,False,,,,,ASSET-00064,,842.1,28631.35,,,,,,
CTR-0049,CUST-0038,2023-06,,1112.6,1200.0,0.0,0.0,5613.99,5613.99,False,,,,,ASSET-00064,,842.1,27789.25,,,,,,
CTR-0049,CUST-0038,2023-07,,1567.5,1200.0,367.5,141.16,5755.15,5755.15,False,,,,,ASSET-00064,,842.1,26947.15,,,,,,
CTR-0049,CUST-0038,2023-08,,1785.8,1200.0,585.8,225.01,5839.0,5839.0,False,,,,,ASSET-00064,,842.1,26105.05,,,,,,
CTR-0049,CUST-0038,2023-09,,1327.1,1200.0,127.1,48.82,5662.81,5662.81,False,,,,,ASSET-00064,,842.1,25262.95,,,,,,
CTR-0049,CUST-0038,2023-10,,991.5,1200.0,0.0,0.0,5613.99,5613.99,False,,,,,ASSET-00064,,842.1,24420.85,,,,,,
CTR-0049,CUST-0038,2023-11,,1858.8,1200.0,658.8,253.05,5867.04,5867.04,False,,,,,ASSET-00064,,842.1,23578.75,,,,,,
CTR-0049,CUST-0038,2023-12,,727.1,1200.0,0.0,0.0,5613.99,5613.99,False,,,,,ASSET-00064,,842.1,22736.65,,,,,,
CTR-0049,CUST-0038,2024-01,,1497.3,1200.0,297.3,114.19,5728.18,5728.18,False,,,,,ASSET-00064,,842.1,21894.55,,,,,,
CTR-0049,CUST-0038,2024-02,,1754.7,1200.0,554.7,213.06,5827.05,5827.05,False,,,,,ASSET-00064,,842.1,21052.45,,,,,,
CTR-0049,CUST-0038,2024-03,,718.2,1200.0,0.0,0.0,5613.99,5613.99,False,,,,,ASSET-00064,,842.1,20210.35,,,,,,
CTR-0049,CUST-0038,2024-04,,1100.3,1200.0,0.0,0.0,5613.99,5613.99,False,,,,,ASSET-00064,,842.1,19368.25,,,,,,
CTR-0049,CUST-0038,2024-05,,832.7,1200.0,0.0,0.0,5613.99,5613.99,False,,,,,ASSET-00064,,842.1,18526.15,,,,,,
CTR-0049,CUST-0038,2024-06,,1953.3,1200.0,753.3,289.34,5903.33,5903.33,False,,,,,ASSET-00064,,842.1,17684.05,,,,,,
CTR-0049,CUST-0038,2024-07,,873.3,1200.0,0.0,0.0,5613.99,5613.99,False,,,,,ASSET-00064,,842.1,16841.95,,,,,,
CTR-0049,CUST-0038,2024-08,,1243.2,1200.0,43.2,16.59,5630.58,5630.58,False,,,,,ASSET-00064,,842.1,15999.85,,,,,,
CTR-0049,CUST-0038,2024-09,,1591.5,1200.0,391.5,150.38,5764.37,5764.37,False,,,,,ASSET-00064,,842.1,15157.75,,,,,,
CTR-0049,CUST-0038,2024-10,,1400.4,1200.0,200.4,76.97,5690.96,5690.96,False,,,,,ASSET-00064,,842.1,14315.65,,,,,,
CTR-0049,CUST-0038,2024-11,,807.7,1200.0,0.0,0.0,5613.99,5613.99,False,,,,,ASSET-00064,,842.1,13473.55,,,,,,
CTR-0049,CUST-0038,2024-12,,1907.5,1200.0,707.5,271.75,5885.74,5885.74,False,,,,,ASSET-00064,,842.1,12631.45,,,,,,
CTR-0050,CUST-0039,2023-06,74.0,,,,,7311.94,87743.28,False,,,new,,ASSET-00065,10529.19,438.72,10090.47,,,,,original_asset_created,
CTR-0050,CUST-0039,2023-07,74.0,,,,,7311.94,0.0,False,,,,,ASSET-00065,,438.72,9651.75,,,,,,
CTR-0050,CUST-0039,2023-08,74.0,,,,,7311.94,0.0,False,,,,,ASSET-00065,,438.72,9213.03,,,,,,
CTR-0050,CUST-0039,2023-09,74.0,,,,,7311.94,0.0,False,,,,,ASSET-00065,,438.72,8774.31,,,,,,
CTR-0050,CUST-0039,2023-10,74.0,,,,,7311.94,0.0,False,,,,,ASSET-00065,,438.72,8335.59,,,,,,
CTR-0050,CUST-0039,2023-11,74.0,,,,,7311.94,0.0,False,,,,,ASSET-00065,,438.72,7896.87,,,,,,
CTR-0050,CUST-0039,2023-12,74.0,,,,,7311.94,0.0,False,,,,,ASSET-00065,,438.72,7458.15,,,,,,
CTR-0050,CUST-0039,2024-01,74.0,,,,,7311.94,0.0,False,,,,,ASSET-00065,,438.72,7019.43,,,,,,
CTR-0050,CUST-0039,2024-02,74.0,,,,,7311.94,0.0,False,,,,,ASSET-00065,,438.72,6580.71,,,,,,
CTR-0050,CUST-0039,2024-03,74.0,,,,,7311.94,0.0,False,,,,,ASSET-00065,,438.72,6141.99,,,,,,
CTR-0050,CUST-0039,2024-04,74.0,,,,,7311.94,0.0,False,,,,,ASSET-00065,,438.72,5703.27,,,,,,
CTR-0050,CUST-0039,2024-05,74.0,,,,,7311.94,0.0,False,,,,,ASSET-00065,,438.72,5264.55,,,,,,
CTR-0050,CUST-0039,2024-06,74.0,,,,,7311.94,0.0,False,churn,,churned,,ASSET-00065,,438.72,4825.83,,,,,,product_fit
CTR-0051,CUST-0040,2023-06,,,,,,3004.25,3004.25,False,,,new,,ASSET-00066,16222.95,450.64,15772.31,,,,,original_asset_created,
CTR-0051,CUST-0040,2023-07,,,,,,3004.25,3004.25,False,,,,,ASSET-00066,,450.64,15321.67,,,,,,
CTR-0051,CUST-0040,2023-08,,,,,,3004.25,3004.25,False,,,,,ASSET-00066,,450.64,14871.03,,,,,,
CTR-0051,CUST-0040,2023-09,,,,,,3004.25,3004.25,False,,,,,ASSET-00066,,450.64,14420.39,,,,,,
CTR-0051,CUST-0040,2023-10,,,,,,3004.25,3004.25,False,,,,,ASSET-00066,,450.64,13969.75,,,,,,
CTR-0051,CUST-0040,2023-11,,,,,,3655.37,3655.37,False,tier_upgrade,651.12,expansion,,ASSET-00066,,450.64,13519.11,ASSET-00067,1269.68,35.27,1234.41,expansion_asset_created,
CTR-0051,CUST-0040,2023-12,,,,,,3655.37,3655.37,False,,,,,ASSET-00066,,450.64,13068.47,ASSET-00067,,35.27,1199.14,,
CTR-0051,CUST-0040,2024-01,,,,,,3655.37,3655.37,False,,,,,ASSET-00066,,450.64,12617.83,ASSET-00067,,35.27,1163.87,,
CTR-0051,CUST-0040,2024-02,,,,,,3655.37,3655.37,False,,,,,ASSET-00066,,450.64,12167.19,ASSET-00067,,35.27,1128.6,,
CTR-0051,CUST-0040,2024-03,,,,,,3655.37,3655.37,False,,,,,ASSET-00066,,450.64,11716.55,ASSET-00067,,35.27,1093.33,,
CTR-0051,CUST-0040,2024-04,,,,,,3655.37,3655.37,False,,,,,ASSET-00066,,450.64,11265.91,ASSET-00067,,35.27,1058.06,,
CTR-0051,CUST-0040,2024-05,,,,,,3655.37,3655.37,False,,,,,ASSET-00066,,450.64,10815.27,ASSET-00067,,35.27,1022.79,,
CTR-0051,CUST-0040,2024-06,,,,,,3655.37,3655.37,False,,,,,ASSET-00066,,450.64,10364.63,ASSET-00067,,35.27,987.52,,
CTR-0051,CUST-0040,2024-07,,,,,,3655.37,3655.37,False,,,,,ASSET-00066,,450.64,9913.99,ASSET-00067,,35.27,952.25,,
CTR-0051,CUST-0040,2024-08,,,,,,3655.37,3655.37,False,,,,,ASSET-00066,,450.64,9463.35,ASSET-00067,,35.27,916.98,,
CTR-0051,CUST-0040,2024-09,,,,,,3655.37,3655.37,False,,,,,ASSET-00066,,450.64,9012.71,ASSET-00067,,35.27,881.71,,
CTR-0051,CUST-0040,2024-10,,,,,,3655.37,3655.37,False,,,,,ASSET-00066,,450.64,8562.07,ASSET-00067,,35.27,846.44,,
CTR-0051,CUST-0040,2024-11,,,,,,3655.37,3655.37,False,,,,,ASSET-00066,,450.64,8111.43,ASSET-00067,,35.27,811.17,,
CTR-0051,CUST-0040,2024-12,,,,,,3655.37,3655.37,False,,,,,ASSET-00066,,450.64,7660.79,ASSET-00067,,35.27,775.9,,
CTR-0052,CUST-0041,2023-02,50.0,,,,,8808.0,26424.0,False,,,new,,ASSET-00068,15854.4,440.4,15414.0,,,,,original_asset_created,
CTR-0052,CUST-0041,2023-03,50.0,,,,,8808.0,0.0,False,,,,,ASSET-00068,,440.4,14973.6,,,,,,
CTR-0052,CUST-0041,2023-04,50.0,,,,,8808.0,0.0,False,,,,,ASSET-00068,,440.4,14533.2,,,,,,
CTR-0052,CUST-0041,2023-05,50.0,,,,,8808.0,26424.0,False,,,,,ASSET-00068,,440.4,14092.8,,,,,,
CTR-0052,CUST-0041,2023-06,50.0,,,,,8808.0,0.0,False,,,,,ASSET-00068,,440.4,13652.4,,,,,,
CTR-0052,CUST-0041,2023-07,50.0,,,,,8808.0,0.0,False,,,,,ASSET-00068,,440.4,13212.0,,,,,,
CTR-0052,CUST-0041,2023-08,50.0,,,,,8808.0,26424.0,False,,,,,ASSET-00068,,440.4,12771.6,,,,,,
CTR-0052,CUST-0041,2023-09,50.0,,,,,8808.0,0.0,False,,,,,ASSET-00068,,440.4,12331.2,,,,,,
CTR-0052,CUST-0041,2023-10,50.0,,,,,8808.0,0.0,False,,,,,ASSET-00068,,440.4,11890.8,,,,,,
CTR-0052,CUST-0041,2023-11,50.0,,,,,8808.0,26424.0,False,,,,,ASSET-00068,,440.4,11450.4,,,,,,
CTR-0052,CUST-0041,2023-12,50.0,,,,,8808.0,0.0,False,,,,,ASSET-00068,,440.4,11010.0,,,,,,
CTR-0052,CUST-0041,2024-01,50.0,,,,,8808.0,0.0,False,,,,,ASSET-00068,,440.4,10569.6,,,,,,
CTR-0052,CUST-0041,2024-02,50.0,,,,,8808.0,26424.0,False,,,,,ASSET-00068,,440.4,10129.2,,,,,,
CTR-0052,CUST-0041,2024-03,50.0,,,,,8808.0,0.0,False,,,,,ASSET-00068,,440.4,9688.8,,,,,,
CTR-0052,CUST-0041,2024-04,50.0,,,,,8808.0,0.0,False,,,,,ASSET-00068,,440.4,9248.4,,,,,,
CTR-0052,CUST-0041,2024-05,50.0,,,,,8808.0,26424.0,False,,,,,ASSET-00068,,440.4,8808.0,,,,,,
CTR-0052,CUST-0041,2024-06,50.0,,,,,8808.0,0.0,False,,,,,ASSET-00068,,440.4,8367.6,,,,,,
CTR-0052,CUST-0041,2024-07,50.0,,,,,8808.0,0.0,False,,,,,ASSET-00068,,440.4,7927.2,,,,,,
CTR-0052,CUST-0041,2024-08,50.0,,,,,8808.0,26424.0,False,,,,,ASSET-00068,,440.4,7486.8,,,,,,
CTR-0052,CUST-0041,2024-09,50.0,,,,,8808.0,0.0,False,,,,,ASSET-00068,,440.4,7046.4,,,,,,
CTR-0052,CUST-0041,2024-10,50.0,,,,,8808.0,0.0,False,,,,,ASSET-00068,,440.4,6606.0,,,,,,
CTR-0052,CUST-0041,2024-11,50.0,,,,,8808.0,26424.0,False,,,,,ASSET-00068,,440.4,6165.6,,,,,,
CTR-0052,CUST-0041,2024-12,50.0,,,,,8808.0,0.0,False,,,,,ASSET-00068,,440.4,5725.2,,,,,,
CTR-0053,CUST-0042,2023-04,,,,,,0.0,0.0,True,,,,,,,,,,,,,,
CTR-0053,CUST-0042,2023-05,,,,,,0.0,0.0,True,,,,,,,,,,,,,,
CTR-0053,CUST-0042,2023-06,,,,,,412.21,412.21,False,,,new,,ASSET-00069,741.98,41.22,700.76,,,,,original_asset_created,
CTR-0053,CUST-0042,2023-07,,,,,,412.21,412.21,False,,,,,ASSET-00069,,41.22,659.54,,,,,,
CTR-0053,CUST-0042,2023-08,,,,,,412.21,412.21,False,,,,,ASSET-00069,,41.22,618.32,,,,,,
CTR-0053,CUST-0042,2023-09,,,,,,412.21,412.21,False,,,,,ASSET-00069,,41.22,577.1,,,,,,
CTR-0053,CUST-0042,2023-10,,,,,,270.09,270.09,False,tier_downgrade,-142.12,contraction,,ASSET-00069,,41.22,535.88,,,,,,
CTR-0053,CUST-0042,2023-11,,,,,,270.09,270.09,False,,,,,ASSET-00069,,41.22,494.66,,,,,,
CTR-0053,CUST-0042,2023-12,,,,,,270.09,270.09,False,,,,,ASSET-00069,,41.22,453.44,,,,,,
CTR-0053,CUST-0042,2024-01,,,,,,270.09,270.09,False,,,,,ASSET-00069,,41.22,412.22,,,,,,
CTR-0053,CUST-0042,2024-02,,,,,,270.09,270.09,False,,,,,ASSET-00069,,41.22,371.0,,,,,,
CTR-0053,CUST-0042,2024-03,,,,,,270.09,270.09,False,,,,,ASSET-00069,,41.22,329.78,,,,,,
CTR-0053,CUST-0042,2024-04,,,,,,270.09,270.09,False,,,,,ASSET-00069,,41.22,288.56,,,,,,
CTR-0053,CUST-0042,2024-05,,,,,,270.09,270.09,False,,,,,ASSET-00069,,41.22,247.34,,,,,,
CTR-0053,CUST-0042,2024-06,,,,,,270.09,270.09,False,,,,,ASSET-00069,,41.22,206.12,,,,,,
CTR-0053,CUST-0042,2024-07,,,,,,270.09,270.09,False,,,,,ASSET-00069,,41.22,164.9,,,,,,
CTR-0053,CUST-0042,2024-08,,,,,,270.09,270.09,False,,,,,ASSET-00069,,41.22,123.68,,,,,,
CTR-0053,CUST-0042,2024-09,,,,,,270.09,270.09,False,,,,,ASSET-00069,,41.22,82.46,,,,,,
CTR-0053,CUST-0042,2024-10,,,,,,270.09,270.09,False,,,,,ASSET-00069,,41.22,41.24,,,,,,
CTR-0053,CUST-0042,2024-11,,,,,,270.09,270.09,False,,,,,ASSET-00069,,41.22,0.02,,,,,,
CTR-0053,CUST-0042,2024-12,,,,,,270.09,270.09,False,,,,,ASSET-00069,,41.22,0.0,,,,,,
CTR-0054,CUST-0043,2023-08,,6303.1,4148.0,2155.1,1054.49,2419.1,2419.1,False,,,new,,ASSET-00070,2456.3,136.46,2319.84,,,,,original_asset_created,
CTR-0054,CUST-0043,2023-09,,2394.5,4148.0,0.0,0.0,1364.61,1364.61,False,,,,,ASSET-00070,,136.46,2183.38,,,,,,
CTR-0054,CUST-0043,2023-10,,5642.2,4148.0,1494.2,731.11,2095.72,2095.72,False,,,,,ASSET-00070,,136.46,2046.92,,,,,,
CTR-0054,CUST-0043,2023-11,,3797.1,4148.0,0.0,0.0,1364.61,1364.61,False,,,,,ASSET-00070,,136.46,1910.46,,,,,,
CTR-0054,CUST-0043,2023-12,,6528.5,4148.0,2380.5,1164.78,2529.39,2529.39,False,,,,,ASSET-00070,,136.46,1774.0,,,,,,
CTR-0054,CUST-0043,2024-01,,5941.8,4148.0,1793.8,877.71,2242.32,2242.32,False,,,,,ASSET-00070,,136.46,1637.54,,,,,,
CTR-0054,CUST-0043,2024-02,,6224.0,4148.0,2076.0,1015.79,2380.4,2380.4,False,,,,,ASSET-00070,,136.46,1501.08,,,,,,
CTR-0054,CUST-0043,2024-03,,5980.7,4148.0,1832.7,896.74,2261.35,2261.35,False,,,,,ASSET-00070,,136.46,1364.62,,,,,,
CTR-0054,CUST-0043,2024-04,,3498.8,4148.0,0.0,0.0,1364.61,1364.61,False,,,,,ASSET-00070,,136.46,1228.16,,,,,,
CTR-0054,CUST-0043,2024-05,,5874.0,4148.0,1726.0,844.53,2209.14,2209.14,False,,,,,ASSET-00070,,136.46,1091.7,,,,,,
CTR-0054,CUST-0043,2024-06,,2774.6,4148.0,0.0,0.0,1364.61,1364.61,False,,,,,ASSET-00070,,136.46,955.24,,,,,,
CTR-0054,CUST-0043,2024-07,,6260.9,4148.0,2112.9,1033.84,2398.45,2398.45,False,,,,,ASSET-00070,,136.46,818.78,,,,,,
CTR-0054,CUST-0043,2024-08,,6199.0,4148.0,2051.0,1003.55,2368.16,2368.16,False,,,,,ASSET-00070,,136.46,682.32,,,,,,
CTR-0054,CUST-0043,2024-09,,3296.3,4148.0,0.0,0.0,1364.61,1364.61,False,,,,,ASSET-00070,,136.46,545.86,,,,,,
CTR-0054,CUST-0043,2024-10,,6007.3,4148.0,1859.3,909.76,2274.37,2274.37,False,,,,,ASSET-00070,,136.46,409.4,,,,,,
CTR-0054,CUST-0043,2024-11,,4381.7,4148.0,233.7,114.35,1478.96,1478.96,False,,,,,ASSET-00070,,136.46,272.94,,,,,,
CTR-0054,CUST-0043,2024-12,,3673.9,4148.0,0.0,0.0,1364.61,1364.61,False,,,,,ASSET-00070,,136.46,136.48,,,,,,
CTR-0055,CUST-0044,2023-08,33.0,,,,,2151.93,25823.16,False,,,new,,ASSET-00071,2582.32,143.46,2438.86,,,,,original_asset_created,
CTR-0055,CUST-0044,2023-09,33.0,,,,,2151.93,0.0,False,,,,,ASSET-00071,,143.46,2295.4,,,,,,
CTR-0055,CUST-0044,2023-10,33.0,,,,,2151.93,0.0,False,,,,,ASSET-00071,,143.46,2151.94,,,,,,
CTR-0055,CUST-0044,2023-11,33.0,,,,,2151.93,0.0,False,,,,,ASSET-00071,,143.46,2008.48,,,,,,
CTR-0055,CUST-0044,2023-12,33.0,,,,,2151.93,0.0,False,,,,,ASSET-00071,,143.46,1865.02,,,,,,
CTR-0055,CUST-0044,2024-01,33.0,,,,,2151.93,0.0,False,,,,,ASSET-00071,,143.46,1721.56,,,,,,
CTR-0055,CUST-0044,2024-02,33.0,,,,,2151.93,0.0,False,early_termination,,churned,,ASSET-00071,,143.46,1578.1,,,,,,non_renewal
CTR-0056,CUST-0045,2023-03,,,,,,1953.64,5860.92,False,,,new,,ASSET-00072,2813.24,117.22,2696.02,,,,,original_asset_created,
CTR-0056,CUST-0045,2023-04,,,,,,1953.64,0.0,False,,,,,ASSET-00072,,117.22,2578.8,,,,,,
CTR-0056,CUST-0045,2023-05,,,,,,1953.64,0.0,False,,,,,ASSET-00072,,117.22,2461.58,,,,,,
CTR-0056,CUST-0045,2023-06,,,,,,1953.64,5860.92,False,,,,,ASSET-00072,,117.22,2344.36,,,,,,
CTR-0056,CUST-0045,2023-07,,,,,,1953.64,0.0,False,,,,,ASSET-00072,,117.22,2227.14,,,,,,
CTR-0056,CUST-0045,2023-08,,,,,,1953.64,0.0,False,,,,,ASSET-00072,,117.22,2109.92,,,,,,
CTR-0056,CUST-0045,2023-09,,,,,,1953.64,5860.92,False,,,,,ASSET-00072,,117.22,1992.7,,,,,,
CTR-0056,CUST-0045,2023-10,,,,,,1953.64,0.0,False,,,,,ASSET-00072,,117.22,1875.48,,,,,,
CTR-0056,CUST-0045,2023-11,,,,,,1953.64,0.0,False,,,,,ASSET-00072,,117.22,1758.26,,,,,,
CTR-0056,CUST-0045,2023-12,,,,,,1953.64,5860.92,False,,,,,ASSET-00072,,117.22,1641.04,,,,,,
CTR-0056,CUST-0045,2024-01,,,,,,1953.64,0.0,False,,,,,ASSET-00072,,117.22,1523.82,,,,,,
CTR-0056,CUST-0045,2024-02,,,,,,1953.64,0.0,False,,,,,ASSET-00072,,117.22,1406.6,,,,,,
CTR-0056,CUST-0045,2024-03,,,,,,1953.64,5860.92,False,,,,,ASSET-00072,,117.22,1289.38,,,,,,
CTR-0056,CUST-0045,2024-04,,,,,,1953.64,0.0,False,,,,,ASSET-00072,,117.22,1172.16,,,,,,
CTR-0056,CUST-0045,2024-05,,,,,,1953.64,0.0,False,,,,,ASSET-00072,,117.22,1054.94,,,,,,
CTR-0056,CUST-0045,2024-06,,,,,,1953.64,5860.92,False,,,,,ASSET-00072,,117.22,937.72,,,,,,
CTR-0056,CUST-0045,2024-07,,,,,,1953.64,0.0,False,,,,,ASSET-00072,,117.22,820.5,,,,,,
CTR-0056,CUST-0045,2024-08,,,,,,1953.64,0.0,False,,,,,ASSET-00072,,117.22,703.28,,,,,,
CTR-0056,CUST-0045,2024-09,,,,,,1953.64,5860.92,False,,,,,ASSET-00072,,117.22,586.06,,,,,,
CTR-0056,CUST-0045,2024-10,,,,,,1953.64,0.0,False,,,,,ASSET-00072,,117.22,468.84,,,,,,
CTR-0056,CUST-0045,2024-11,,,,,,1953.64,0.0,False,,,,,ASSET-00072,,117.22,351.62,,,,,,
CTR-0056,CUST-0045,2024-12,,,,,,1953.64,5860.92,False,,,,,ASSET-00072,,117.22,234.4,,,,,,
CTR-0057,CUST-0046,2024-02,91.0,,,,,16460.08,197520.96,False,,,new,1194.41,ASSET-00073,29628.14,823.0,28805.14,,,,,original_asset_created,
CTR-0057,CUST-0046,2024-03,91.0,,,,,16460.08,0.0,False,,,,1194.41,ASSET-00073,,823.0,27982.14,,,,,,
CTR-0057,CUST-0046,2024-04,91.0,,,,,16460.08,0.0,False,,,,1194.41,ASSET-00073,,823.0,27159.14,,,,,,
CTR-0057,CUST-0046,2024-05,91.0,,,,,16460.08,0.0,False,,,,1194.41,ASSET-00073,,823.0,26336.14,,,,,,
CTR-0057,CUST-0046,2024-06,93.0,,,,,16821.84,0.0,False,seat_add,361.76,expansion,1194.41,ASSET-00073,,823.0,25513.14,ASSET-00074,325.58,9.04,316.54,expansion_asset_created,
CTR-0057,CUST-0046,2024-07,93.0,,,,,16821.84,0.0,False,,,,1194.41,ASSET-00073,,823.0,24690.14,ASSET-00074,,9.04,307.5,,
CTR-0057,CUST-0046,2024-08,93.0,,,,,16821.84,0.0,False,,,,1194.41,ASSET-00073,,823.0,23867.14,ASSET-00074,,9.04,298.46,,
CTR-0057,CUST-0046,2024-09,93.0,,,,,16821.84,0.0,False,,,,1194.41,ASSET-00073,,823.0,23044.14,ASSET-00074,,9.04,289.42,,
CTR-0057,CUST-0046,2024-10,93.0,,,,,16821.84,0.0,False,,,,1194.41,ASSET-00073,,823.0,22221.14,ASSET-00074,,9.04,280.38,,
CTR-0057,CUST-0046,2024-11,93.0,,,,,16821.84,0.0,False,,,,1194.41,ASSET-00073,,823.0,21398.14,ASSET-00074,,9.04,271.34,,
CTR-0057,CUST-0046,2024-12,93.0,,,,,16821.84,0.0,False,,,,1194.41,ASSET-00073,,823.0,20575.14,ASSET-00074,,9.04,262.3,,
CTR-0058,CUST-0047,2023-09,,,,,,2124.99,25499.88,False,,,new,,ASSET-00075,3824.98,106.25,3718.73,,,,,original_asset_created,
CTR-0058,CUST-0047,2023-10,,,,,,2124.99,0.0,False,,,,,ASSET-00075,,106.25,3612.48,,,,,,
CTR-0058,CUST-0047,2023-11,,,,,,2124.99,0.0,False,,,,,ASSET-00075,,106.25,3506.23,,,,,,
CTR-0058,CUST-0047,2023-12,,,,,,2124.99,0.0,False,,,,,ASSET-00075,,106.25,3399.98,,,,,,
CTR-0058,CUST-0047,2024-01,,,,,,2124.99,0.0,False,,,,,ASSET-00075,,106.25,3293.73,,,,,,
CTR-0058,CUST-0047,2024-02,,,,,,2124.99,0.0,False,,,,,ASSET-00075,,106.25,3187.48,,,,,,
CTR-0058,CUST-0047,2024-03,,,,,,2124.99,0.0,False,,,,,ASSET-00075,,106.25,3081.23,,,,,,
CTR-0058,CUST-0047,2024-04,,,,,,2124.99,0.0,False,,,,,ASSET-00075,,106.25,2974.98,,,,,,
CTR-0058,CUST-0047,2024-05,,,,,,2124.99,0.0,False,,,,,ASSET-00075,,106.25,2868.73,,,,,,
CTR-0058,CUST-0047,2024-06,,,,,,2124.99,0.0,False,,,,,ASSET-00075,,106.25,2762.48,,,,,,
CTR-0058,CUST-0047,2024-07,,,,,,2124.99,0.0,False,,,,,ASSET-00075,,106.25,2656.23,,,,,,
CTR-0058,CUST-0047,2024-08,,,,,,2124.99,0.0,False,,,,,ASSET-00075,,106.25,2549.98,,,,,,
CTR-0058,CUST-0047,2024-09,,,,,,2124.99,0.0,False,churn,,churned,,ASSET-00075,,106.25,2443.73,,,,,,product_fit
CTR-0059,CUST-0048,2024-03,,4022.9,2464.0,1558.9,629.64,2451.88,2451.88,False,,,new,,ASSET-00076,2624.03,109.33,2514.7,,,,,original_asset_created,
CTR-0059,CUST-0048,2024-04,,1668.6,2464.0,0.0,0.0,1822.24,1822.24,False,,,,,ASSET-00076,,109.33,2405.37,,,,,,
CTR-0059,CUST-0048,2024-05,,3793.2,2464.0,1329.2,536.86,2359.1,2359.1,False,,,,,ASSET-00076,,109.33,2296.04,,,,,,
CTR-0059,CUST-0048,2024-06,,1870.4,2464.0,0.0,0.0,1822.24,1822.24,False,,,,,ASSET-00076,,109.33,2186.71,,,,,,
CTR-0059,CUST-0048,2024-07,,1475.5,2464.0,0.0,0.0,1822.24,1822.24,False,,,,,ASSET-00076,,109.33,2077.38,,,,,,
CTR-0059,CUST-0048,2024-08,,2537.1,2464.0,73.1,29.53,1851.77,1851.77,False,,,,,ASSET-00076,,109.33,1968.05,,,,,,
CTR-0059,CUST-0048,2024-09,,2764.4,2464.0,300.4,121.33,1943.57,1943.57,False,,,,,ASSET-00076,,109.33,1858.72,,,,,,
CTR-0059,CUST-0048,2024-10,,3541.2,2464.0,1077.2,435.08,2257.32,2257.32,False,,,,,ASSET-00076,,109.33,1749.39,,,,,,
CTR-0059,CUST-0048,2024-11,,3216.9,2464.0,752.9,304.1,2126.34,2126.34,False,,,,,ASSET-00076,,109.33,1640.06,,,,,,
CTR-0059,CUST-0048,2024-12,,3903.7,2464.0,1439.7,581.49,2403.73,2403.73,False,,,,,ASSET-00076,,109.33,1530.73,,,,,,
CTR-0060,CUST-0049,2023-07,51.0,,,,,5964.45,5964.45,False,,,new,,ASSET-00077,17177.62,715.73,16461.89,,,,,original_asset_created,
CTR-0060,CUST-0049,2023-08,51.0,,,,,5964.45,5964.45,False,,,,,ASSET-00077,,715.73,15746.16,,,,,,
CTR-0060,CUST-0049,2023-09,51.0,,,,,5964.45,5964.45,False,,,,,ASSET-00077,,715.73,15030.43,,,,,,
CTR-0060,CUST-0049,2023-10,51.0,,,,,5964.45,5964.45,False,,,,,ASSET-00077,,715.73,14314.7,,,,,,
CTR-0060,CUST-0049,2023-11,63.0,,,,,7367.85,7367.85,False,seat_add,1403.4,expansion,,ASSET-00077,,715.73,13598.97,ASSET-00078,2189.3,91.22,2098.08,expansion_asset_created,
CTR-0060,CUST-0049,2023-12,63.0,,,,,7367.85,7367.85,False,,,,,ASSET-00077,,715.73,12883.24,ASSET-00078,,91.22,2006.86,,
CTR-0060,CUST-0049,2024-01,63.0,,,,,7367.85,7367.85,False,,,,,ASSET-00077,,715.73,12167.51,ASSET-00078,,91.22,1915.64,,
CTR-0060,CUST-0049,2024-02,63.0,,,,,7367.85,7367.85,False,,,,,ASSET-00077,,715.73,11451.78,ASSET-00078,,91.22,1824.42,,
CTR-0060,CUST-0049,2024-03,63.0,,,,,7367.85,7367.85,False,,,,,ASSET-00077,,715.73,10736.05,ASSET-00078,,91.22,1733.2,,
CTR-0060,CUST-0049,2024-04,63.0,,,,,7367.85,7367.85,False,,,,,ASSET-00077,,715.73,10020.32,ASSET-00078,,91.22,1641.98,,
CTR-0060,CUST-0049,2024-05,63.0,,,,,7367.85,7367.85,False,,,,,ASSET-00077,,715.73,9304.59,ASSET-00078,,91.22,1550.76,,
CTR-0060,CUST-0049,2024-06,63.0,,,,,7367.85,7367.85,False,,,,,ASSET-00077,,715.73,8588.86,ASSET-00078,,91.22,1459.54,,
CTR-0060,CUST-0049,2024-07,63.0,,,,,7367.85,7367.85,False,,,,,ASSET-00077,,715.73,7873.13,ASSET-00078,,91.22,1368.32,,
CTR-0060,CUST-0049,2024-08,63.0,,,,,7367.85,7367.85,False,,,,,ASSET-00077,,715.73,7157.4,ASSET-00078,,91.22,1277.1,,
CTR-0060,CUST-0049,2024-09,63.0,,,,,7367.85,7367.85,False,,,,,ASSET-00077,,715.73,6441.67,ASSET-00078,,91.22,1185.88,,
CTR-0060,CUST-0049,2024-10,63.0,,,,,7367.85,7367.85,False,,,,,ASSET-00077,,715.73,5725.94,ASSET-00078,,91.22,1094.66,,
CTR-0060,CUST-0049,2024-11,63.0,,,,,7367.85,7367.85,False,,,,,ASSET-00077,,715.73,5010.21,ASSET-00078,,91.22,1003.44,,
CTR-0060,CUST-0049,2024-12,63.0,,,,,7367.85,7367.85,False,,,,,ASSET-00077,,715.73,4294.48,ASSET-00078,,91.22,912.22,,
CTR-0061,CUST-0050,2023-05,,,,,,631.85,631.85,False,,,new,,ASSET-00079,1137.33,63.18,1074.15,,,,,original_asset_created,
CTR-0061,CUST-0050,2023-06,,,,,,631.85,631.85,False,,,,,ASSET-00079,,63.18,1010.97,,,,,,
CTR-0061,CUST-0050,2023-07,,,,,,631.85,631.85,False,,,,,ASSET-00079,,63.18,947.79,,,,,,
CTR-0061,CUST-0050,2023-08,,,,,,631.85,631.85,False,,,,,ASSET-00079,,63.18,884.61,,,,,,
CTR-0061,CUST-0050,2023-09,,,,,,631.85,631.85,False,,,,,ASSET-00079,,63.18,821.43,,,,,,
CTR-0061,CUST-0050,2023-10,,,,,,834.12,834.12,False,tier_upgrade,202.27,expansion,,ASSET-00079,,63.18,758.25,ASSET-00080,283.18,15.73,267.45,expansion_asset_created,
CTR-0061,CUST-0050,2023-11,,,,,,834.12,834.12,False,,,,,ASSET-00079,,63.18,695.07,ASSET-00080,,15.73,251.72,,
CTR-0061,CUST-0050,2023-12,,,,,,834.12,834.12,False,,,,,ASSET-00079,,63.18,631.89,ASSET-00080,,15.73,235.99,,
CTR-0061,CUST-0050,2024-01,,,,,,834.12,834.12,False,,,,,ASSET-00079,,63.18,568.71,ASSET-00080,,15.73,220.26,,
CTR-0061,CUST-0050,2024-02,,,,,,834.12,834.12,False,,,,,ASSET-00079,,63.18,505.53,ASSET-00080,,15.73,204.53,,
CTR-0061,CUST-0050,2024-03,,,,,,834.12,834.12,False,,,,,ASSET-00079,,63.18,442.35,ASSET-00080,,15.73,188.8,,
CTR-0061,CUST-0050,2024-04,,,,,,834.12,834.12,False,,,,,ASSET-00079,,63.18,379.17,ASSET-00080,,15.73,173.07,,
CTR-0061,CUST-0050,2024-05,,,,,,834.12,834.12,False,,,,,ASSET-00079,,63.18,315.99,ASSET-00080,,15.73,157.34,,
CTR-0061,CUST-0050,2024-06,,,,,,834.12,834.12,False,,,,,ASSET-00079,,63.18,252.81,ASSET-00080,,15.73,141.61,,
CTR-0061,CUST-0050,2024-07,,,,,,834.12,834.12,False,,,,,ASSET-00079,,63.18,189.63,ASSET-00080,,15.73,125.88,,
CTR-0061,CUST-0050,2024-08,,,,,,834.12,834.12,False,,,,,ASSET-00079,,63.18,126.45,ASSET-00080,,15.73,110.15,,
CTR-0061,CUST-0050,2024-09,,,,,,834.12,834.12,False,,,,,ASSET-00079,,63.18,63.27,ASSET-00080,,15.73,94.42,,
CTR-0061,CUST-0050,2024-10,,,,,,834.12,834.12,False,,,,,ASSET-00079,,63.18,0.09,ASSET-00080,,15.73,78.69,,
CTR-0061,CUST-0050,2024-11,,,,,,834.12,834.12,False,,,,,ASSET-00079,,63.18,0.0,ASSET-00080,,15.73,62.96,,
CTR-0061,CUST-0050,2024-12,,,,,,834.12,834.12,False,,,,,ASSET-00079,,63.18,0.0,ASSET-00080,,15.73,47.23,,
