contract_id,period_month,revenue_recognized,deferred_rev_balance,contract_asset_balance,catchup_adjustment,rpo_remaining,orig_commission_asset_bal,exp_commission_asset_bal,total_commission_asset_bal,cumulative_recognized,note
CTR-0001,2023-01,5672.7,0.0,0.0,0.0,,9643.59,0.0,9643.59,5672.7,
CTR-0001,2023-02,5672.7,0.0,0.0,0.0,,9076.32,0.0,9076.32,11345.4,
CTR-0001,2023-03,5672.7,0.0,0.0,0.0,,8509.05,0.0,8509.05,17018.1,
CTR-0001,2023-04,5672.7,0.0,0.0,0.0,,7941.78,0.0,7941.78,22690.8,
CTR-0001,2023-05,6188.4,0.0,0.0,0.0,,7374.51,925.39,8299.9,28879.2,seat_add
CTR-0001,2023-06,6188.4,0.0,0.0,0.0,,6807.24,870.95,7678.19,35067.6,
CTR-0001,2023-07,6188.4,0.0,0.0,0.0,,6239.97,816.51,7056.48,41256.0,
CTR-0001,2023-08,6188.4,0.0,0.0,0.0,,5672.7,762.07,6434.77,47444.4,
CTR-0001,2023-09,6188.4,0.0,0.0,0.0,,5105.43,707.63,5813.06,53632.8,
CTR-0001,2023-10,6188.4,0.0,0.0,0.0,,4538.16,653.19,5191.35,59821.2,
CTR-0001,2023-11,6188.4,0.0,0.0,0.0,,3970.89,598.75,4569.64,66009.6,
CTR-0001,2023-12,6188.4,0.0,0.0,0.0,,3403.62,544.31,3947.93,72198.0,
CTR-0001,2024-01,6188.4,0.0,0.0,0.0,,2836.35,489.87,3326.22,78386.4,
CTR-0001,2024-02,6188.4,0.0,0.0,0.0,,2269.08,435.43,2704.51,84574.8,
CTR-0001,2024-03,6188.4,0.0,0.0,0.0,,1701.81,380.99,2082.8,90763.2,
CTR-0001,2024-04,6188.4,0.0,0.0,0.0,,1134.54,326.55,1461.09,96951.6,
CTR-0001,2024-05,6188.4,0.0,0.0,0.0,,567.27,272.11,839.38,103140.0,
CTR-0001,2024-06,6188.4,0.0,0.0,0.0,,0.0,217.67,217.67,109328.4,
CTR-0001,2024-07,6188.4,0.0,0.0,0.0,,0.0,163.23,163.23,115516.8,
CTR-0001,2024-08,6188.4,0.0,0.0,0.0,,0.0,108.79,108.79,121705.2,
CTR-0001,2024-09,6188.4,0.0,0.0,0.0,,0.0,54.35,54.35,127893.6,
CTR-0001,2024-10,6188.4,0.0,0.0,0.0,,0.0,0.0,0.0,134082.0,
CTR-0001,2024-11,6188.4,0.0,0.0,0.0,,0.0,0.0,0.0,140270.4,
CTR-0001,2024-12,6188.4,0.0,0.0,0.0,,0.0,0.0,0.0,146458.8,
CTR-0002,2023-04,10014.55,110160.05,0.0,0.0,240349.2,13820.08,0.0,13820.08,10014.55,
CTR-0002,2023-05,10014.55,100145.5,0.0,0.0,230334.65,13219.21,0.0,13219.21,20029.1,
CTR-0002,2023-06,10014.55,90130.95,0.0,0.0,220320.1,12618.34,0.0,12618.34,30043.65,
CTR-0002,2023-07,10014.55,80116.4,0.0,0.0,210305.55,12017.47,0.0,12017.47,40058.2,
CTR-0002,2023-08,12105.5,68010.9,0.0,0.0,242110.0,11416.6,3847.34,15263.94,52163.7,seat_add
CTR-0002,2023-09,12105.5,55905.4,0.0,0.0,230004.5,10815.73,3680.06,14495.79,64269.2,
CTR-0002,2023-10,12105.5,43799.9,0.0,0.0,217899.0,10214.86,3512.78,13727.64,76374.7,
CTR-0002,2023-11,12105.5,31694.4,0.0,0.0,205793.5,9613.99,3345.5,12959.49,88480.2,
CTR-0002,2023-12,12105.5,19588.9,0.0,0.0,193688.0,9013.12,3178.22,12191.34,100585.7,
CTR-0002,2024-01,12105.5,7483.4,0.0,0.0,181582.5,8412.25,3010.94,11423.19,112691.2,
CTR-0002,2024-02,12105.5,0.0,4622.1,0.0,169477.0,7811.38,2843.66,10655.04,124796.7,
CTR-0002,2024-03,12105.5,0.0,16727.6,0.0,157371.5,7210.51,2676.38,9886.89,136902.2,
CTR-0002,2024-04,12105.5,0.0,28833.1,0.0,145266.0,6609.64,2509.1,9118.74,149007.7,
CTR-0002,2024-05,12105.5,0.0,40938.6,0.0,133160.5,6008.77,2341.82,8350.59,161113.2,
CTR-0002,2024-06,12105.5,0.0,53044.1,0.0,121055.0,5407.9,2174.54,7582.44,173218.7,
CTR-0002,2024-07,12105.5,0.0,65149.6,0.0,108949.5,4807.03,2007.26,6814.29,185324.2,
CTR-0002,2024-08,12105.5,0.0,77255.1,0.0,96844.0,4206.16,1839.98,6046.14,197429.7,
CTR-0002,2024-09,12105.5,0.0,89360.6,0.0,84738.5,3605.29,1672.7,5277.99,209535.2,
CTR-0002,2024-10,12105.5,0.0,101466.1,0.0,72633.0,3004.42,1505.42,4509.84,221640.7,
CTR-0002,2024-11,12105.5,0.0,113571.6,0.0,60527.5,2403.55,1338.14,3741.69,233746.2,
CTR-0002,2024-12,12105.5,0.0,125677.1,0.0,48422.0,1802.68,1170.86,2973.54,245851.7,
CTR-0003,2024-03,1745.37,3490.74,0.0,0.0,20944.44,3054.4,0.0,3054.4,1745.37,
CTR-0003,2024-04,1745.37,1745.37,0.0,0.0,19199.07,2967.13,0.0,2967.13,3490.74,
CTR-0003,2024-05,1745.37,0.0,0.0,0.0,17453.7,2879.86,0.0,2879.86,5236.11,
CTR-0003,2024-06,1745.37,3490.74,0.0,0.0,15708.33,2792.59,0.0,2792.59,6981.48,
CTR-0003,2024-07,3296.81,193.93,0.0,0.0,26374.48,2705.32,1810.02,4515.34,10278.29,seat_add
CTR-0003,2024-08,3296.81,0.0,3102.88,0.0,23077.67,2618.05,1758.31,4376.36,13575.1,
CTR-0003,2024-09,3296.81,3490.74,0.0,0.0,19780.86,2530.78,1706.6,4237.38,16871.91,
CTR-0003,2024-10,3296.81,193.93,0.0,0.0,16484.05,2443.51,1654.89,4098.4,20168.72,
CTR-0003,2024-11,3296.81,0.0,3102.88,0.0,13187.24,2356.24,1603.18,3959.42,23465.53,
CTR-0003,2024-12,3296.81,3490.74,0.0,0.0,9890.43,2268.97,1551.47,3820.44,26762.34,
CTR-0004,2023-01,5823.32,47109.16,0.0,0.0,105864.96,4999.18,0.0,4999.18,5823.32,
CTR-0004,2023-02,5823.32,41285.84,0.0,0.0,101453.92,4705.11,0.0,4705.11,11646.64,
CTR-0004,2023-03,5823.32,35462.52,0.0,0.0,97042.88,4411.04,0.0,4411.04,17469.96,
CTR-0004,2023-04,5823.32,29639.2,0.0,0.0,92631.84,4116.97,0.0,4116.97,23293.28,
CTR-0004,2023-05,5823.32,23815.88,0.0,0.0,88220.8,3822.9,0.0,3822.9,29116.6,
CTR-0004,2023-06,5823.32,17992.56,0.0,0.0,83809.76,3528.83,0.0,3528.83,34939.92,
CTR-0004,2023-07,5823.32,12169.24,0.0,0.0,79398.72,3234.76,0.0,3234.76,40763.24,
CTR-0004,2023-08,5823.32,6345.92,0.0,0.0,74987.68,2940.69,0.0,2940.69,46586.56,
CTR-0004,2023-09,5823.32,522.6,0.0,0.0,70576.64,2646.62,0.0,2646.62,52409.88,
CTR-0004,2023-10,5823.32,0.0,5300.72,0.0,66165.6,2352.55,0.0,2352.55,58233.2,
CTR-0004,2023-11,5823.32,0.0,11124.04,0.0,61754.56,2058.48,0.0,2058.48,64056.52,
CTR-0004,2023-12,5823.32,0.0,16947.36,0.0,57343.52,1764.41,0.0,1764.41,69879.84,
CTR-0004,2024-01,5823.32,0.0,22770.68,0.0,52932.48,1470.34,0.0,1470.34,75703.16,
CTR-0004,2024-02,5823.32,0.0,28594.0,0.0,48521.44,1176.27,0.0,1176.27,81526.48,
CTR-0004,2024-03,5823.32,0.0,34417.32,0.0,44110.4,882.2,0.0,882.2,87349.8,
CTR-0004,2024-04,5823.32,0.0,40240.64,0.0,39699.36,588.13,0.0,588.13,93173.12,
CTR-0004,2024-05,5823.32,0.0,46063.96,0.0,35288.32,294.06,0.0,294.06,98996.44,
CTR-0004,2024-06,5823.32,0.0,51887.28,0.0,30877.28,0.0,0.0,0.0,104819.76,
CTR-0004,2024-07,5823.32,0.0,57710.6,0.0,26466.24,0.0,0.0,0.0,110643.08,
CTR-0004,2024-08,5823.32,0.0,63533.92,0.0,22055.2,0.0,0.0,0.0,116466.4,
CTR-0004,2024-09,5823.32,0.0,69357.24,0.0,17644.16,0.0,0.0,0.0,122289.72,
CTR-0004,2024-10,5823.32,0.0,75180.56,0.0,13233.12,0.0,0.0,0.0,128113.04,
CTR-0004,2024-11,5823.32,0.0,81003.88,0.0,8822.08,0.0,0.0,0.0,133936.36,
CTR-0004,2024-12,5823.32,0.0,86827.2,0.0,4411.04,0.0,0.0,0.0,139759.68,
CTR-0005,2023-08,8909.46,0.0,1718.08,0.0,,19848.2,0.0,19848.2,8909.46,
CTR-0005,2023-09,8909.46,0.0,3436.16,0.0,,18985.23,0.0,18985.23,17818.92,
CTR-0005,2023-10,8909.46,0.0,5154.24,0.0,,18122.26,0.0,18122.26,26728.38,
CTR-0005,2023-11,8909.46,0.0,6872.32,0.0,,17259.29,0.0,17259.29,35637.84,
CTR-0005,2023-12,8909.46,0.0,8590.4,0.0,,16396.32,0.0,16396.32,44547.3,
CTR-0005,2024-01,8909.46,0.0,10308.48,0.0,,15533.35,0.0,15533.35,53456.76,
CTR-0005,2024-02,8909.46,0.0,12026.56,0.0,,14670.38,0.0,14670.38,62366.22,
CTR-0005,2024-03,8909.46,0.0,13744.64,0.0,,13807.41,0.0,13807.41,71275.68,
CTR-0005,2024-04,8909.46,0.0,15462.72,0.0,,12944.44,0.0,12944.44,80185.14,
CTR-0005,2024-05,8909.46,0.0,17180.8,0.0,,12081.47,0.0,12081.47,89094.6,
CTR-0005,2024-06,8909.46,0.0,18898.88,0.0,,11218.5,0.0,11218.5,98004.06,
CTR-0005,2024-07,8909.46,0.0,20616.96,0.0,,10355.53,0.0,10355.53,106913.52,
CTR-0005,2024-08,8909.46,0.0,22335.04,0.0,,9492.56,0.0,9492.56,115822.98,
CTR-0005,2024-09,8909.46,0.0,24053.12,0.0,,8629.59,0.0,8629.59,124732.44,
CTR-0005,2024-10,8909.46,0.0,25771.2,0.0,,7766.62,0.0,7766.62,133641.9,
CTR-0005,2024-11,8909.46,0.0,27489.28,0.0,,6903.65,0.0,6903.65,142551.36,
CTR-0005,2024-12,8909.46,0.0,29207.36,0.0,,6040.68,0.0,6040.68,151460.82,
CTR-0006,2023-06,15969.55,167274.05,0.0,0.0,366487.2,26723.03,0.0,26723.03,15969.55,
CTR-0006,2023-07,15969.55,151304.5,0.0,0.0,351216.9,25959.52,0.0,25959.52,31939.1,
CTR-0006,2023-08,15969.55,135334.95,0.0,0.0,335946.6,25196.01,0.0,25196.01,47908.65,
CTR-0006,2023-09,15969.55,119365.4,0.0,0.0,320676.3,24432.5,0.0,24432.5,63878.2,
CTR-0006,2023-10,17269.15,102096.25,0.0,0.0,331398.0,23668.99,2653.35,26322.34,81147.35,seat_add
CTR-0006,2023-11,17269.15,84827.1,0.0,0.0,314828.1,22905.48,2577.54,25483.02,98416.5,
CTR-0006,2023-12,17269.15,67557.95,0.0,0.0,298258.2,22141.97,2501.73,24643.7,115685.65,
CTR-0006,2024-01,17269.15,50288.8,0.0,0.0,281688.3,21378.46,2425.92,23804.38,132954.8,
CTR-0006,2024-02,17269.15,33019.65,0.0,0.0,265118.4,20614.95,2350.11,22965.06,150223.95,
CTR-0006,2024-03,17269.15,15750.5,0.0,0.0,248548.5,19851.44,2274.3,22125.74,167493.1,
CTR-0006,2024-04,17269.15,0.0,1518.65,0.0,231978.6,19087.93,2198.49,21286.42,184762.25,
CTR-0006,2024-05,17269.15,0.0,18787.8,0.0,215408.7,18324.42,2122.68,20447.1,202031.4,
CTR-0006,2024-06,17269.15,0.0,36056.95,0.0,198838.8,17560.91,2046.87,19607.78,219300.55,
CTR-0006,2024-07,17269.15,0.0,53326.1,0.0,182268.9,16797.4,1971.06,18768.46,236569.7,
CTR-0006,2024-08,17269.15,0.0,70595.25,0.0,165699.0,16033.89,1895.25,17929.14,253838.85,
CTR-0006,2024-09,17269.15,0.0,87864.4,0.0,149129.1,15270.38,1819.44,17089.82,271108.0,
CTR-0006,2024-10,17269.15,0.0,105133.55,0.0,132559.2,14506.87,1743.63,16250.5,288377.15,
CTR-0006,2024-11,17269.15,0.0,122402.7,0.0,115989.3,13743.36,1667.82,15411.18,305646.3,
CTR-0006,2024-12,17269.15,0.0,139671.85,0.0,99419.4,12979.85,1592.01,14571.86,322915.45,
CTR-0007,2023-12,1603.4,13412.92,0.0,0.0,15016.32,1418.21,0.0,1418.21,1603.4,
CTR-0007,2024-01,1603.4,11809.52,0.0,0.0,13764.96,1334.79,0.0,1334.79,3206.8,
CTR-0007,2024-02,1603.4,10206.12,0.0,0.0,12513.6,1251.37,0.0,1251.37,4810.2,
CTR-0007,2024-03,1603.4,8602.72,0.0,0.0,11262.24,1167.95,0.0,1167.95,6413.6,
CTR-0007,2024-04,1603.4,6999.32,0.0,0.0,10010.88,1084.53,0.0,1084.53,8017.0,
CTR-0007,2024-05,1603.4,5395.92,0.0,0.0,8759.52,1001.11,0.0,1001.11,9620.4,
CTR-0007,2024-06,1603.4,3792.52,0.0,0.0,7508.16,917.69,0.0,917.69,11223.8,
CTR-0007,2024-07,1603.4,2189.12,0.0,0.0,6256.8,834.27,0.0,834.27,12827.2,
CTR-0007,2024-08,6554.84,0.0,0.0,0.0,5005.44,0.0,0.0,0.0,19382.04,"termination_penalty_recognized_$2,762"
CTR-0008,2023-05,5714.46,0.0,0.0,0.0,,15771.9,0.0,15771.9,5714.46,
CTR-0008,2023-06,5714.46,0.0,0.0,0.0,,15086.16,0.0,15086.16,11428.92,
CTR-0008,2023-07,5714.46,0.0,0.0,0.0,,14400.42,0.0,14400.42,17143.38,
CTR-0008,2023-08,5714.46,0.0,0.0,0.0,,13714.68,0.0,13714.68,22857.84,
CTR-0008,2023-09,5714.46,0.0,0.0,0.0,,13028.94,0.0,13028.94,28572.3,
CTR-0008,2023-10,5714.46,0.0,0.0,0.0,,12343.2,0.0,12343.2,34286.76,
CTR-0008,2023-11,5714.46,0.0,0.0,0.0,,11657.46,0.0,11657.46,40001.22,
CTR-0008,2023-12,5714.46,0.0,0.0,0.0,,0.0,0.0,0.0,45715.68,deferred_rev_refunded_to_customer
CTR-0009,2024-01,12335.7,24671.4,0.0,0.0,148028.4,21587.48,0.0,21587.48,12335.7,
CTR-0009,2024-02,12335.7,12335.7,0.0,0.0,135692.7,20970.7,0.0,20970.7,24671.4,
CTR-0009,2024-03,12335.7,0.0,0.0,0.0,123357.0,20353.92,0.0,20353.92,37007.1,
CTR-0009,2024-04,12335.7,24671.4,0.0,0.0,111021.3,19737.14,0.0,19737.14,49342.8,
CTR-0009,2024-05,12335.7,0.0,0.0,0.0,98685.6,0.0,0.0,0.0,61678.5,deferred_rev_written_off_no_penalty
CTR-0010,2023-10,1227.45,2454.9,0.0,0.0,29458.8,1391.11,0.0,1391.11,1227.45,
CTR-0010,2023-11,1227.45,1227.45,0.0,0.0,28231.35,1309.28,0.0,1309.28,2454.9,
CTR-0010,2023-12,1227.45,0.0,0.0,0.0,27003.9,1227.45,0.0,1227.45,3682.35,
CTR-0010,2024-01,1227.45,2454.9,0.0,0.0,25776.45,1145.62,0.0,1145.62,4909.8,
CTR-0010,2024-02,1227.45,1227.45,0.0,0.0,24549.0,1063.79,0.0,1063.79,6137.25,
CTR-0010,2024-03,1227.45,0.0,0.0,0.0,23321.55,981.96,0.0,981.96,7364.7,
CTR-0010,2024-04,1227.45,2454.9,0.0,0.0,22094.1,900.13,0.0,900.13,8592.15,
CTR-0010,2024-05,1227.45,1227.45,0.0,0.0,20866.65,818.3,0.0,818.3,9819.6,
CTR-0010,2024-06,1227.45,0.0,0.0,0.0,19639.2,736.47,0.0,736.47,11047.05,
CTR-0010,2024-07,1227.45,2454.9,0.0,0.0,18411.75,654.64,0.0,654.64,12274.5,
CTR-0010,2024-08,1227.45,1227.45,0.0,0.0,17184.3,572.81,0.0,572.81,13501.95,
CTR-0010,2024-09,1227.45,0.0,0.0,0.0,15956.85,490.98,0.0,490.98,14729.4,
CTR-0010,2024-10,1227.45,2454.9,0.0,0.0,14729.4,409.15,0.0,409.15,15956.85,
CTR-0010,2024-11,1227.45,1227.45,0.0,0.0,13501.95,327.32,0.0,327.32,17184.3,
CTR-0010,2024-12,1227.45,0.0,0.0,0.0,12274.5,245.49,0.0,245.49,18411.75,
CTR-0011,2024-01,4882.0,53702.0,0.0,0.0,58584.0,6737.16,0.0,6737.16,4882.0,
CTR-0011,2024-02,4882.0,48820.0,0.0,0.0,53702.0,6444.24,0.0,6444.24,9764.0,
CTR-0011,2024-03,4882.0,43938.0,0.0,0.0,48820.0,6151.32,0.0,6151.32,14646.0,
CTR-0011,2024-04,4882.0,39056.0,0.0,0.0,43938.0,5858.4,0.0,5858.4,19528.0,
CTR-0011,2024-05,4882.0,34174.0,0.0,0.0,39056.0,5565.48,0.0,5565.48,24410.0,
CTR-0011,2024-06,4882.0,29292.0,0.0,0.0,34174.0,5272.56,0.0,5272.56,29292.0,
CTR-0011,2024-07,4882.0,24410.0,0.0,0.0,29292.0,4979.64,0.0,4979.64,34174.0,
CTR-0011,2024-08,4882.0,19528.0,0.0,0.0,24410.0,4686.72,0.0,4686.72,39056.0,
CTR-0011,2024-09,4882.0,14646.0,0.0,0.0,19528.0,4393.8,0.0,4393.8,43938.0,
CTR-0011,2024-10,4882.0,9764.0,0.0,0.0,14646.0,4100.88,0.0,4100.88,48820.0,
CTR-0011,2024-11,4882.0,4882.0,0.0,0.0,9764.0,3807.96,0.0,3807.96,53702.0,
CTR-0011,2024-12,4882.0,0.0,0.0,0.0,4882.0,3515.04,0.0,3515.04,58584.0,
CTR-0012,2023-06,9376.12,0.0,0.0,0.0,,49224.63,0.0,49224.63,9376.12,
CTR-0012,2023-07,9376.12,0.0,0.0,0.0,,47818.21,0.0,47818.21,18752.24,
CTR-0012,2023-08,9376.12,0.0,0.0,0.0,,46411.79,0.0,46411.79,28128.36,
CTR-0012,2023-09,9376.12,0.0,0.0,0.0,,45005.37,0.0,45005.37,37504.48,
CTR-0012,2023-10,11179.22,0.0,0.0,0.0,,43598.95,3681.33,47280.28,48683.7,seat_add
CTR-0012,2023-11,11179.22,0.0,0.0,0.0,,42192.53,3576.15,45768.68,59862.92,
CTR-0012,2023-12,11179.22,0.0,0.0,0.0,,40786.11,3470.97,44257.08,71042.14,
CTR-0012,2024-01,11179.22,0.0,0.0,0.0,,39379.69,3365.79,42745.48,82221.36,
CTR-0012,2024-02,11179.22,0.0,0.0,0.0,,37973.27,3260.61,41233.88,93400.58,
CTR-0012,2024-03,11179.22,0.0,0.0,0.0,,36566.85,3155.43,39722.28,104579.8,
CTR-0012,2024-04,11179.22,0.0,0.0,0.0,,35160.43,3050.25,38210.68,115759.02,
CTR-0012,2024-05,11179.22,0.0,0.0,0.0,,33754.01,2945.07,36699.08,126938.24,
CTR-0012,2024-06,11179.22,0.0,0.0,0.0,,32347.59,2839.89,35187.48,138117.46,
CTR-0012,2024-07,11179.22,0.0,0.0,0.0,,30941.17,2734.71,33675.88,149296.68,
CTR-0012,2024-08,11179.22,0.0,0.0,0.0,,29534.75,2629.53,32164.28,160475.9,
CTR-0012,2024-09,11179.22,0.0,0.0,0.0,,28128.33,2524.35,30652.68,171655.12,
CTR-0012,2024-10,11179.22,0.0,0.0,0.0,,26721.91,2419.17,29141.08,182834.34,
CTR-0012,2024-11,11179.22,0.0,0.0,0.0,,25315.49,2313.99,27629.48,194013.56,
CTR-0012,2024-12,11179.22,0.0,0.0,0.0,,23909.07,2208.81,26117.88,205192.78,
CTR-0013,2023-03,565.48,0.0,0.0,0.0,,961.31,0.0,961.31,565.48,
CTR-0013,2023-04,565.48,0.0,0.0,0.0,,904.76,0.0,904.76,1130.96,
CTR-0013,2023-05,565.48,0.0,0.0,0.0,,848.21,0.0,848.21,1696.44,
CTR-0013,2023-06,565.48,0.0,0.0,0.0,,791.66,0.0,791.66,2261.92,
CTR-0013,2023-07,565.48,0.0,0.0,0.0,,735.11,0.0,735.11,2827.4,
CTR-0013,2023-08,717.29,0.0,0.0,0.0,,678.56,229.41,907.97,3544.69,tier_upgrade
CTR-0013,2023-09,717.29,0.0,0.0,0.0,,622.01,215.92,837.93,4261.98,
CTR-0013,2023-10,717.29,0.0,0.0,0.0,,565.46,202.43,767.89,4979.27,
CTR-0013,2023-11,717.29,0.0,0.0,0.0,,508.91,188.94,697.85,5696.56,
CTR-0013,2023-12,717.29,0.0,0.0,0.0,,452.36,175.45,627.81,6413.85,
CTR-0013,2024-01,717.29,0.0,0.0,0.0,,395.81,161.96,557.77,7131.14,
CTR-0013,2024-02,717.29,0.0,0.0,0.0,,339.26,148.47,487.73,7848.43,
CTR-0013,2024-03,717.29,0.0,0.0,0.0,,282.71,134.98,417.69,8565.72,
CTR-0013,2024-04,717.29,0.0,0.0,0.0,,226.16,121.49,347.65,9283.01,
CTR-0013,2024-05,717.29,0.0,0.0,0.0,,169.61,108.0,277.61,10000.3,
CTR-0013,2024-06,717.29,0.0,0.0,0.0,,113.06,94.51,207.57,10717.59,
CTR-0013,2024-07,717.29,0.0,0.0,0.0,,56.51,81.02,137.53,11434.88,
CTR-0013,2024-08,717.29,0.0,0.0,0.0,,0.0,67.53,67.53,12152.17,
CTR-0013,2024-09,717.29,0.0,0.0,0.0,,0.0,54.04,54.04,12869.46,
CTR-0013,2024-10,717.29,0.0,0.0,0.0,,0.0,40.55,40.55,13586.75,
CTR-0013,2024-11,717.29,0.0,0.0,0.0,,0.0,27.06,27.06,14304.04,
CTR-0013,2024-12,717.29,0.0,0.0,0.0,,0.0,13.57,13.57,15021.33,
CTR-0014,2023-06,1247.16,13718.76,0.0,0.0,14965.92,1721.08,0.0,1721.08,1247.16,
CTR-0014,2023-07,1247.16,12471.6,0.0,0.0,13718.76,1646.25,0.0,1646.25,2494.32,
CTR-0014,2023-08,1247.16,11224.44,0.0,0.0,12471.6,1571.42,0.0,1571.42,3741.48,
CTR-0014,2023-09,1247.16,9977.28,0.0,0.0,11224.44,1496.59,0.0,1496.59,4988.64,
CTR-0014,2023-10,1247.16,8730.12,0.0,0.0,9977.28,1421.76,0.0,1421.76,6235.8,
CTR-0014,2023-11,1631.26,7098.86,0.0,0.0,11418.82,1346.93,309.2,1656.13,7867.06,tier_upgrade
CTR-0014,2023-12,1631.26,5467.6,0.0,0.0,9787.56,1272.1,295.76,1567.86,9498.32,
CTR-0014,2024-01,1631.26,3836.34,0.0,0.0,8156.3,1197.27,282.32,1479.59,11129.58,
CTR-0014,2024-02,1631.26,2205.08,0.0,0.0,6525.04,1122.44,268.88,1391.32,12760.84,
CTR-0014,2024-03,1631.26,573.82,0.0,0.0,4893.78,1047.61,255.44,1303.05,14392.1,
CTR-0014,2024-04,1631.26,0.0,1057.44,0.0,3262.52,972.78,242.0,1214.78,16023.36,
CTR-0014,2024-05,1631.26,0.0,2688.7,0.0,1631.26,897.95,228.56,1126.51,17654.62,
CTR-0014,2024-06,0.0,0.0,0.0,0.0,0.0,0.0,0.0,0.0,17654.62,churn
CTR-0015,2023-11,4449.98,48949.78,0.0,0.0,106799.52,7787.46,0.0,7787.46,4449.98,
CTR-0015,2023-12,4449.98,44499.8,0.0,0.0,102349.54,7564.96,0.0,7564.96,8899.96,
CTR-0015,2024-01,4449.98,40049.82,0.0,0.0,97899.56,7342.46,0.0,7342.46,13349.94,
CTR-0015,2024-02,4449.98,35599.84,0.0,0.0,93449.58,7119.96,0.0,7119.96,17799.92,
CTR-0015,2024-03,4449.98,31149.86,0.0,0.0,88999.6,6897.46,0.0,6897.46,22249.9,
CTR-0015,2024-04,4449.98,26699.88,0.0,0.0,84549.62,6674.96,0.0,6674.96,26699.88,
CTR-0015,2024-05,3091.85,23608.03,0.0,0.0,55653.3,6452.46,0.0,6452.46,29791.73,tier_downgrade
CTR-0015,2024-06,3091.85,20516.18,0.0,0.0,52561.45,6229.96,0.0,6229.96,32883.58,
CTR-0015,2024-07,3091.85,17424.33,0.0,0.0,49469.6,6007.46,0.0,6007.46,35975.43,
CTR-0015,2024-08,3091.85,14332.48,0.0,0.0,46377.75,5784.96,0.0,5784.96,39067.28,
CTR-0015,2024-09,3091.85,11240.63,0.0,0.0,43285.9,5562.46,0.0,5562.46,42159.13,
CTR-0015,2024-10,3091.85,8148.78,0.0,0.0,40194.05,5339.96,0.0,5339.96,45250.98,
CTR-0015,2024-11,3091.85,5056.93,0.0,0.0,37102.2,5117.46,0.0,5117.46,48342.83,
CTR-0015,2024-12,3091.85,1965.08,0.0,0.0,34010.35,4894.96,0.0,4894.96,51434.68,
CTR-0016,2023-02,0.0,0.0,0.0,0.0,,1229.45,0.0,1229.45,0.0,trial_period
CTR-0016,2023-03,0.0,0.0,0.0,0.0,,1229.45,0.0,1229.45,0.0,trial_period
CTR-0016,2023-04,683.03,0.0,0.0,0.0,,1161.15,0.0,1161.15,683.03,
CTR-0016,2023-05,683.03,0.0,0.0,0.0,,1092.85,0.0,1092.85,1366.06,
CTR-0016,2023-06,683.03,0.0,0.0,0.0,,1024.55,0.0,1024.55,2049.09,
CTR-0016,2023-07,683.03,0.0,0.0,0.0,,956.25,0.0,956.25,2732.12,
CTR-0016,2023-08,683.03,0.0,0.0,0.0,,887.95,0.0,887.95,3415.15,
CTR-0016,2023-09,683.03,0.0,0.0,0.0,,819.65,0.0,819.65,4098.18,
CTR-0016,2023-10,683.03,0.0,0.0,0.0,,751.35,0.0,751.35,4781.21,
CTR-0016,2023-11,683.03,0.0,0.0,0.0,,683.05,0.0,683.05,5464.24,
CTR-0016,2023-12,683.03,0.0,0.0,0.0,,614.75,0.0,614.75,6147.27,
CTR-0016,2024-01,683.03,0.0,0.0,0.0,,546.45,0.0,546.45,6830.3,
CTR-0016,2024-02,683.03,0.0,0.0,0.0,,478.15,0.0,478.15,7513.33,
CTR-0016,2024-03,683.03,0.0,0.0,0.0,,409.85,0.0,409.85,8196.36,
CTR-0016,2024-04,683.03,0.0,0.0,0.0,,341.55,0.0,341.55,8879.39,
CTR-0016,2024-05,683.03,0.0,0.0,0.0,,273.25,0.0,273.25,9562.42,
CTR-0016,2024-06,683.03,0.0,0.0,0.0,,204.95,0.0,204.95,10245.45,
CTR-0016,2024-07,683.03,0.0,0.0,0.0,,136.65,0.0,136.65,10928.48,
CTR-0016,2024-08,683.03,0.0,0.0,0.0,,68.35,0.0,68.35,11611.51,
CTR-0016,2024-09,683.03,0.0,0.0,0.0,,0.05,0.0,0.05,12294.54,
CTR-0016,2024-10,683.03,0.0,0.0,0.0,,0.0,0.0,0.0,12977.57,
CTR-0016,2024-11,683.03,0.0,0.0,0.0,,0.0,0.0,0.0,13660.6,
CTR-0016,2024-12,683.03,0.0,0.0,0.0,,0.0,0.0,0.0,14343.63,
CTR-0017,2023-08,1878.39,3756.78,0.0,0.0,22540.68,2592.18,0.0,2592.18,1878.39,
CTR-0017,2023-09,1878.39,1878.39,0.0,0.0,20662.29,2479.48,0.0,2479.48,3756.78,
CTR-0017,2023-10,1878.39,0.0,0.0,0.0,18783.9,2366.78,0.0,2366.78,5635.17,
CTR-0017,2023-11,1878.39,3756.78,0.0,0.0,16905.51,2254.08,0.0,2254.08,7513.56,
CTR-0017,2023-12,1878.39,1878.39,0.0,0.0,15027.12,2141.38,0.0,2141.38,9391.95,
CTR-0017,2024-01,2912.53,0.0,1034.14,0.0,20387.71,2028.68,356.78,2385.46,12304.48,tier_upgrade
CTR-0017,2024-02,2912.53,4790.92,0.0,0.0,17475.18,1915.98,341.27,2257.25,15217.01,
CTR-0017,2024-03,2912.53,1878.39,0.0,0.0,14562.65,1803.28,325.76,2129.04,18129.54,
CTR-0017,2024-04,3946.67,0.0,0.0,0.0,11650.12,0.0,0.0,0.0,22076.21,product_switch_out
CTR-0018,2024-04,2458.08,0.0,0.0,0.0,29496.96,3392.16,0.0,3392.16,2458.08,product_switch_in
CTR-0018,2024-05,2458.08,0.0,0.0,0.0,27038.88,3244.68,0.0,3244.68,4916.16,
CTR-0018,2024-06,2458.08,0.0,0.0,0.0,24580.8,3097.2,0.0,3097.2,7374.24,
CTR-0018,2024-07,2458.08,0.0,0.0,0.0,22122.72,2949.72,0.0,2949.72,9832.32,
CTR-0018,2024-08,2458.08,0.0,0.0,0.0,19664.64,2802.24,0.0,2802.24,12290.4,
CTR-0018,2024-09,2458.08,0.0,0.0,0.0,17206.56,2654.76,0.0,2654.76,14748.48,
CTR-0018,2024-10,2458.08,0.0,0.0,0.0,14748.48,2507.28,0.0,2507.28,17206.56,
CTR-0018,2024-11,2458.08,0.0,0.0,0.0,12290.4,2359.8,0.0,2359.8,19664.64,
CTR-0018,2024-12,2458.08,0.0,0.0,0.0,9832.32,2212.32,0.0,2212.32,22122.72,
CTR-0019,2024-04,2000.05,22000.55,0.0,0.0,24000.6,3500.09,0.0,3500.09,2000.05,
CTR-0019,2024-05,2000.05,20000.5,0.0,0.0,22000.55,3400.09,0.0,3400.09,4000.1,
CTR-0019,2024-06,2000.05,18000.45,0.0,0.0,20000.5,3300.09,0.0,3300.09,6000.15,
CTR-0019,2024-07,2000.05,16000.4,0.0,0.0,18000.45,3200.09,0.0,3200.09,8000.2,
CTR-0019,2024-08,2000.05,14000.35,0.0,0.0,16000.4,3100.09,0.0,3100.09,10000.25,
CTR-0019,2024-09,2000.05,12000.3,0.0,0.0,14000.35,3000.09,0.0,3000.09,12000.3,
CTR-0019,2024-10,2000.05,10000.25,0.0,0.0,12000.3,2900.09,0.0,2900.09,14000.35,
CTR-0019,2024-11,2000.05,8000.2,0.0,0.0,10000.25,2800.09,0.0,2800.09,16000.4,
CTR-0019,2024-12,2000.05,6000.15,0.0,0.0,8000.2,2700.09,0.0,2700.09,18000.45,
CTR-0020,2023-09,648.21,0.0,0.0,0.0,,1101.96,0.0,1101.96,648.21,
CTR-0020,2023-10,648.21,0.0,0.0,0.0,,1037.14,0.0,1037.14,1296.42,
CTR-0020,2023-11,648.21,0.0,0.0,0.0,,972.32,0.0,972.32,1944.63,
CTR-0020,2023-12,648.21,0.0,0.0,0.0,,907.5,0.0,907.5,2592.84,
CTR-0020,2024-01,648.21,0.0,0.0,0.0,,842.68,0.0,842.68,3241.05,
CTR-0020,2024-02,648.21,0.0,0.0,0.0,,777.86,0.0,777.86,3889.26,
CTR-0020,2024-03,495.44,0.0,0.0,0.0,,713.04,0.0,713.04,4384.7,tier_downgrade
CTR-0020,2024-04,495.44,0.0,0.0,0.0,,648.22,0.0,648.22,4880.14,
CTR-0020,2024-05,495.44,0.0,0.0,0.0,,583.4,0.0,583.4,5375.58,
CTR-0020,2024-06,495.44,0.0,0.0,0.0,,518.58,0.0,518.58,5871.02,
CTR-0020,2024-07,495.44,0.0,0.0,0.0,,453.76,0.0,453.76,6366.46,
CTR-0020,2024-08,495.44,0.0,0.0,0.0,,388.94,0.0,388.94,6861.9,
CTR-0020,2024-09,495.44,0.0,0.0,0.0,,324.12,0.0,324.12,7357.34,
CTR-0020,2024-10,495.44,0.0,0.0,0.0,,259.3,0.0,259.3,7852.78,
CTR-0020,2024-11,495.44,0.0,0.0,0.0,,194.48,0.0,194.48,8348.22,
CTR-0020,2024-12,495.44,0.0,0.0,0.0,,129.66,0.0,129.66,8843.66,
CTR-0021,2024-01,0.0,0.0,0.0,0.0,,2612.3,0.0,2612.3,0.0,trial_period
CTR-0021,2024-02,907.05,0.0,0.0,0.0,,2503.45,0.0,2503.45,907.05,
CTR-0021,2024-03,907.05,0.0,0.0,0.0,,2394.6,0.0,2394.6,1814.1,
CTR-0021,2024-04,907.05,0.0,0.0,0.0,,2285.75,0.0,2285.75,2721.15,
CTR-0021,2024-05,907.05,0.0,0.0,0.0,,2176.9,0.0,2176.9,3628.2,
CTR-0021,2024-06,1273.33,0.0,0.0,0.0,,2068.05,252.73,2320.78,4901.53,tier_upgrade
CTR-0021,2024-07,1273.33,0.0,0.0,0.0,,1959.2,241.74,2200.94,6174.86,
CTR-0021,2024-08,1273.33,0.0,0.0,0.0,,1850.35,230.75,2081.1,7448.19,
CTR-0021,2024-09,1273.33,0.0,0.0,0.0,,1741.5,219.76,1961.26,8721.52,
CTR-0021,2024-10,1273.33,0.0,0.0,0.0,,1632.65,208.77,1841.42,9994.85,
CTR-0021,2024-11,1273.33,0.0,0.0,0.0,,1523.8,197.78,1721.58,11268.18,
CTR-0021,2024-12,1273.33,0.0,0.0,0.0,,1414.95,186.79,1601.74,12541.51,
CTR-0022,2023-02,1404.37,0.0,0.0,0.0,32666.4,1542.58,0.0,1542.58,1404.37,
CTR-0022,2023-03,1390.97,0.0,0.0,0.0,31305.3,1451.84,0.0,1451.84,2795.34,
CTR-0022,2023-04,1361.1,0.0,0.0,0.0,29944.2,1361.1,0.0,1361.1,4156.44,
CTR-0022,2023-05,1390.88,0.0,0.0,0.0,28583.1,1270.36,0.0,1270.36,5547.32,
CTR-0022,2023-06,1370.5,0.0,0.0,0.0,27222.0,1179.62,0.0,1179.62,6917.82,
CTR-0022,2023-07,1361.1,0.0,0.0,0.0,25860.9,1088.88,0.0,1088.88,8278.92,
CTR-0022,2023-08,1384.08,0.0,0.0,0.0,24499.8,998.14,0.0,998.14,9663.0,
CTR-0022,2023-09,1446.13,0.0,0.0,0.0,23138.7,907.4,0.0,907.4,11109.13,
CTR-0022,2023-10,1404.33,0.0,0.0,0.0,21777.6,816.66,0.0,816.66,12513.46,
CTR-0022,2023-11,1361.1,0.0,0.0,0.0,20416.5,725.92,0.0,725.92,13874.56,
CTR-0022,2023-12,1436.94,0.0,0.0,0.0,19055.4,635.18,0.0,635.18,15311.5,
CTR-0022,2024-01,1415.59,0.0,0.0,0.0,17694.3,544.44,0.0,544.44,16727.09,
CTR-0022,2024-02,1418.42,0.0,0.0,0.0,16333.2,453.7,0.0,453.7,18145.51,
CTR-0022,2024-03,1361.1,0.0,0.0,0.0,14972.1,362.96,0.0,362.96,19506.61,
CTR-0022,2024-04,1361.1,0.0,0.0,0.0,13611.0,272.22,0.0,272.22,20867.71,
CTR-0022,2024-05,1361.1,0.0,0.0,0.0,12249.9,181.48,0.0,181.48,22228.81,
CTR-0022,2024-06,1361.1,0.0,0.0,0.0,10888.8,90.74,0.0,90.74,23589.91,
CTR-0022,2024-07,1411.0,0.0,0.0,0.0,9527.7,0.0,0.0,0.0,25000.91,
CTR-0022,2024-08,1410.62,0.0,0.0,0.0,8166.6,0.0,0.0,0.0,26411.53,
CTR-0022,2024-09,1450.83,0.0,0.0,0.0,6805.5,0.0,0.0,0.0,27862.36,
CTR-0022,2024-10,1417.36,0.0,0.0,0.0,5444.4,0.0,0.0,0.0,29279.72,
CTR-0022,2024-11,1376.82,0.0,0.0,0.0,4083.3,0.0,0.0,0.0,30656.54,
CTR-0022,2024-12,1361.1,0.0,0.0,0.0,2722.2,0.0,0.0,0.0,32017.64,
CTR-0023,2023-07,1942.82,0.0,0.0,0.0,,4071.31,0.0,4071.31,1942.82,
CTR-0023,2023-08,1628.58,0.0,0.0,0.0,,3894.3,0.0,3894.3,3571.4,
CTR-0023,2023-09,1475.11,0.0,0.0,0.0,,3717.29,0.0,3717.29,5046.51,
CTR-0023,2023-10,1475.11,0.0,0.0,0.0,,3540.28,0.0,3540.28,6521.62,
CTR-0023,2023-11,1475.11,0.0,0.0,0.0,,3363.27,0.0,3363.27,7996.73,
CTR-0023,2023-12,2133.28,0.0,0.0,0.0,,3186.26,0.0,3186.26,10130.01,
CTR-0023,2024-01,2069.52,0.0,0.0,0.0,,3009.25,0.0,3009.25,12199.53,
CTR-0023,2024-02,2009.96,0.0,0.0,0.0,,2832.24,0.0,2832.24,14209.49,
CTR-0023,2024-03,1475.11,0.0,0.0,0.0,,2655.23,0.0,2655.23,15684.6,
CTR-0023,2024-04,1475.11,0.0,0.0,0.0,,2478.22,0.0,2478.22,17159.71,
CTR-0023,2024-05,2068.61,0.0,0.0,0.0,,2301.21,0.0,2301.21,19228.32,
CTR-0023,2024-06,2155.84,0.0,0.0,0.0,,2124.2,0.0,2124.2,21384.16,
CTR-0023,2024-07,1475.11,0.0,0.0,0.0,,1947.19,0.0,1947.19,22859.27,
CTR-0023,2024-08,1572.44,0.0,0.0,0.0,,1770.18,0.0,1770.18,24431.71,
CTR-0023,2024-09,1475.11,0.0,0.0,0.0,,1593.17,0.0,1593.17,25906.82,
CTR-0023,2024-10,1920.02,0.0,0.0,0.0,,1416.16,0.0,1416.16,27826.84,
CTR-0023,2024-11,1926.62,0.0,0.0,0.0,,1239.15,0.0,1239.15,29753.46,
CTR-0023,2024-12,1475.11,0.0,0.0,0.0,,1062.14,0.0,1062.14,31228.57,
CTR-0024,2023-06,3427.7,0.0,0.0,0.0,41132.4,5998.48,0.0,5998.48,3427.7,
CTR-0024,2023-07,3580.09,0.0,0.0,0.0,37704.7,5827.1,0.0,5827.1,7007.79,
CTR-0024,2023-08,3803.2,0.0,0.0,0.0,34277.0,5655.72,0.0,5655.72,10810.99,
CTR-0024,2023-09,3427.7,0.0,0.0,0.0,30849.3,5484.34,0.0,5484.34,14238.69,
CTR-0024,2023-10,3427.7,0.0,0.0,0.0,27421.6,5312.96,0.0,5312.96,17666.39,
CTR-0024,2023-11,4113.64,0.0,0.0,0.0,23993.9,5141.58,0.0,5141.58,21780.03,
CTR-0024,2023-12,3709.5,0.0,0.0,0.0,20566.2,4970.2,0.0,4970.2,25489.53,
CTR-0024,2024-01,3461.65,0.0,0.0,0.0,17138.5,4798.82,0.0,4798.82,28951.18,
CTR-0024,2024-02,3554.68,0.0,0.0,0.0,13710.8,4627.44,0.0,4627.44,32505.86,
CTR-0024,2024-03,3427.7,0.0,0.0,0.0,10283.1,4456.06,0.0,4456.06,35933.56,
CTR-0024,2024-04,3427.7,0.0,0.0,0.0,6855.4,4284.68,0.0,4284.68,39361.26,
CTR-0024,2024-05,3427.7,0.0,0.0,0.0,3427.7,4113.3,0.0,4113.3,42788.96,
CTR-0024,2024-06,3597.22,0.0,0.0,0.0,0.0,0.0,0.0,0.0,46386.18,churn
CTR-0025,2023-01,570.99,0.0,0.0,0.0,,970.68,0.0,970.68,570.99,
CTR-0025,2023-02,570.99,0.0,0.0,0.0,,913.58,0.0,913.58,1141.98,
CTR-0025,2023-03,717.08,0.0,0.0,0.0,,856.48,0.0,856.48,1859.06,
CTR-0025,2023-04,2196.82,0.0,0.0,0.0,,0.0,0.0,0.0,4055.88,"termination_penalty_recognized_$1,553"
CTR-0026,2024-04,2153.31,0.0,347.46,0.0,19648.8,2259.62,0.0,2259.62,2153.31,
CTR-0026,2024-05,1984.86,0.0,694.92,0.0,18011.4,2161.38,0.0,2161.38,4138.17,
CTR-0026,2024-06,1986.23,0.0,1042.38,0.0,16374.0,2063.14,0.0,2063.14,6124.4,
CTR-0026,2024-07,2291.42,0.0,1389.84,0.0,14736.6,1964.9,0.0,1964.9,8415.82,
CTR-0026,2024-08,1984.86,0.0,1737.3,0.0,13099.2,1866.66,0.0,1866.66,10400.68,
CTR-0026,2024-09,2149.58,0.0,2084.76,0.0,11461.8,1768.42,0.0,1768.42,12550.26,
CTR-0026,2024-10,2144.69,0.0,2432.22,0.0,9824.4,1670.18,0.0,1670.18,14694.95,
CTR-0026,2024-11,1984.86,0.0,2779.68,0.0,8187.0,1571.94,0.0,1571.94,16679.81,
CTR-0026,2024-12,2199.99,0.0,3127.14,0.0,6549.6,1473.7,0.0,1473.7,18879.8,
CTR-0027,2023-04,2036.33,22399.65,0.0,0.0,48871.92,2731.97,0.0,2731.97,2036.33,
CTR-0027,2023-05,2036.33,20363.32,0.0,0.0,46835.59,2571.27,0.0,2571.27,4072.66,
CTR-0027,2023-06,2036.33,18326.99,0.0,0.0,44799.26,2410.57,0.0,2410.57,6108.99,
CTR-0027,2023-07,2036.33,16290.66,0.0,0.0,42762.93,2249.87,0.0,2249.87,8145.32,
CTR-0027,2023-08,2375.72,13914.94,0.0,0.0,47514.4,2089.17,607.11,2696.28,10521.04,seat_add
CTR-0027,2023-09,2375.72,11539.22,0.0,0.0,45138.68,1928.47,571.4,2499.87,12896.76,
CTR-0027,2023-10,2375.72,9163.5,0.0,0.0,42762.96,1767.77,535.69,2303.46,15272.48,
CTR-0027,2023-11,2375.72,6787.78,0.0,0.0,40387.24,1607.07,499.98,2107.05,17648.2,
CTR-0027,2023-12,2375.72,4412.06,0.0,0.0,38011.52,1446.37,464.27,1910.64,20023.92,
CTR-0027,2024-01,2375.72,2036.34,0.0,0.0,35635.8,1285.67,428.56,1714.23,22399.64,
CTR-0027,2024-02,2375.72,0.0,339.38,0.0,33260.08,1124.97,392.85,1517.82,24775.36,
CTR-0027,2024-03,2375.72,0.0,2715.1,0.0,30884.36,964.27,357.14,1321.41,27151.08,
CTR-0027,2024-04,2375.72,0.0,5090.82,0.0,28508.64,803.57,321.43,1125.0,29526.8,
CTR-0027,2024-05,2375.72,0.0,7466.54,0.0,26132.92,642.87,285.72,928.59,31902.52,
CTR-0027,2024-06,2375.72,0.0,9842.26,0.0,23757.2,482.17,250.01,732.18,34278.24,
CTR-0027,2024-07,2375.72,0.0,12217.98,0.0,21381.48,321.47,214.3,535.77,36653.96,
CTR-0027,2024-08,2375.72,0.0,14593.7,0.0,19005.76,160.77,178.59,339.36,39029.68,
CTR-0027,2024-09,2375.72,0.0,16969.42,0.0,16630.04,0.07,142.88,142.95,41405.4,
CTR-0027,2024-10,2375.72,0.0,19345.14,0.0,14254.32,0.0,107.17,107.17,43781.12,
CTR-0027,2024-11,2375.72,0.0,21720.86,0.0,11878.6,0.0,71.46,71.46,46156.84,
CTR-0027,2024-12,2375.72,0.0,24096.58,0.0,9502.88,0.0,35.75,35.75,48532.56,
CTR-0028,2023-04,70.35,773.81,0.0,0.0,1688.4,513.55,0.0,513.55,70.35,
CTR-0028,2023-05,70.35,703.46,0.0,0.0,1618.05,483.34,0.0,483.34,140.7,
CTR-0028,2023-06,70.35,633.11,0.0,0.0,1547.7,453.13,0.0,453.13,211.05,
CTR-0028,2023-07,70.35,562.76,0.0,0.0,1477.35,422.92,0.0,422.92,281.4,
CTR-0028,2023-08,70.35,492.41,0.0,0.0,1407.0,392.71,0.0,392.71,351.75,
CTR-0028,2023-09,70.35,422.06,0.0,0.0,1336.65,362.5,0.0,362.5,422.1,
CTR-0028,2023-10,70.35,351.71,0.0,0.0,1266.3,332.29,0.0,332.29,492.45,
CTR-0028,2023-11,70.35,281.36,0.0,0.0,1195.95,302.08,0.0,302.08,562.8,
CTR-0028,2023-12,70.35,211.01,0.0,0.0,1125.6,271.87,0.0,271.87,633.15,
CTR-0028,2024-01,70.35,140.66,0.0,0.0,1055.25,241.66,0.0,241.66,703.5,
CTR-0028,2024-02,70.35,70.31,0.0,0.0,984.9,211.45,0.0,211.45,773.85,
CTR-0028,2024-03,70.35,0.0,0.04,0.0,914.55,181.24,0.0,181.24,844.2,
CTR-0028,2024-04,70.35,0.0,70.39,0.0,844.2,151.03,0.0,151.03,914.55,
CTR-0028,2024-05,70.35,0.0,140.74,0.0,773.85,120.82,0.0,120.82,984.9,
CTR-0028,2024-06,70.35,0.0,211.09,0.0,703.5,90.61,0.0,90.61,1055.25,
CTR-0028,2024-07,70.35,0.0,281.44,0.0,633.15,60.4,0.0,60.4,1125.6,
CTR-0028,2024-08,70.35,0.0,351.79,0.0,562.8,30.19,0.0,30.19,1195.95,
CTR-0028,2024-09,70.35,0.0,422.14,0.0,492.45,0.0,0.0,0.0,1266.3,
CTR-0028,2024-10,70.35,0.0,492.49,0.0,422.1,0.0,0.0,0.0,1336.65,
CTR-0028,2024-11,70.35,0.0,562.84,0.0,351.75,0.0,0.0,0.0,1407.0,
CTR-0028,2024-12,70.35,0.0,633.19,0.0,281.4,0.0,0.0,0.0,1477.35,
CTR-0029,2023-03,6747.37,0.0,0.0,0.0,,20443.95,0.0,20443.95,6747.37,
CTR-0029,2023-04,6747.37,0.0,0.0,0.0,,19555.08,0.0,19555.08,13494.74,
CTR-0029,2023-05,6747.37,0.0,0.0,0.0,,18666.21,0.0,18666.21,20242.11,
CTR-0029,2023-06,6747.37,0.0,0.0,0.0,,17777.34,0.0,17777.34,26989.48,
CTR-0029,2023-07,6747.37,0.0,0.0,0.0,,16888.47,0.0,16888.47,33736.85,
CTR-0029,2023-08,6747.37,0.0,0.0,0.0,,15999.6,0.0,15999.6,40484.22,
CTR-0029,2023-09,6747.37,0.0,0.0,0.0,,15110.73,0.0,15110.73,47231.59,
CTR-0029,2023-10,6747.37,0.0,0.0,0.0,,14221.86,0.0,14221.86,53978.96,
CTR-0029,2023-11,6747.37,0.0,0.0,0.0,,13332.99,0.0,13332.99,60726.33,
CTR-0029,2023-12,6747.37,0.0,0.0,0.0,,12444.12,0.0,12444.12,67473.7,
CTR-0029,2024-01,6747.37,0.0,0.0,0.0,,11555.25,0.0,11555.25,74221.07,
CTR-0029,2024-02,6747.37,0.0,0.0,0.0,,10666.38,0.0,10666.38,80968.44,
CTR-0029,2024-03,6747.37,0.0,0.0,0.0,,9777.51,0.0,9777.51,87715.81,
CTR-0029,2024-04,6747.37,0.0,0.0,0.0,,8888.64,0.0,8888.64,94463.18,
CTR-0029,2024-05,6747.37,0.0,0.0,0.0,,7999.77,0.0,7999.77,101210.55,
CTR-0029,2024-06,6747.37,0.0,0.0,0.0,,7110.9,0.0,7110.9,107957.92,
CTR-0029,2024-07,6747.37,0.0,0.0,0.0,,6222.03,0.0,6222.03,114705.29,
CTR-0029,2024-08,6747.37,0.0,0.0,0.0,,5333.16,0.0,5333.16,121452.66,
CTR-0029,2024-09,6747.37,0.0,0.0,0.0,,4444.29,0.0,4444.29,128200.03,
CTR-0029,2024-10,6747.37,0.0,0.0,0.0,,3555.42,0.0,3555.42,134947.4,
CTR-0029,2024-11,6747.37,0.0,0.0,0.0,,2666.55,0.0,2666.55,141694.77,
CTR-0029,2024-12,6747.37,0.0,0.0,0.0,,1777.68,0.0,1777.68,148442.14,
CTR-0030,2023-03,65.66,0.0,0.0,0.0,,2034.31,0.0,2034.31,65.66,
CTR-0030,2023-04,65.66,0.0,0.0,0.0,,1945.86,0.0,1945.86,131.32,
CTR-0030,2023-05,65.66,0.0,0.0,0.0,,1857.41,0.0,1857.41,196.98,
CTR-0030,2023-06,65.66,0.0,0.0,0.0,,1768.96,0.0,1768.96,262.64,
CTR-0030,2023-07,65.66,0.0,0.0,0.0,,1680.51,0.0,1680.51,328.3,
CTR-0030,2023-08,92.99,0.0,0.0,0.0,,1592.06,564.5,2156.56,421.29,tier_upgrade
CTR-0030,2023-09,92.99,0.0,0.0,0.0,,1503.61,539.96,2043.57,514.28,
CTR-0030,2023-10,92.99,0.0,0.0,0.0,,1415.16,515.42,1930.58,607.27,
CTR-0030,2023-11,92.99,0.0,0.0,0.0,,1326.71,490.88,1817.59,700.26,
CTR-0030,2023-12,92.99,0.0,0.0,0.0,,1238.26,466.34,1704.6,793.25,
CTR-0030,2024-01,92.99,0.0,0.0,0.0,,1149.81,441.8,1591.61,886.24,
CTR-0030,2024-02,92.99,0.0,0.0,0.0,,1061.36,417.26,1478.62,979.23,
CTR-0030,2024-03,92.99,0.0,0.0,0.0,,972.91,392.72,1365.63,1072.22,
CTR-0030,2024-04,92.99,0.0,0.0,0.0,,884.46,368.18,1252.64,1165.21,
CTR-0030,2024-05,92.99,0.0,0.0,0.0,,796.01,343.64,1139.65,1258.2,
CTR-0030,2024-06,92.99,0.0,0.0,0.0,,707.56,319.1,1026.66,1351.19,
CTR-0030,2024-07,92.99,0.0,0.0,0.0,,619.11,294.56,913.67,1444.18,
CTR-0030,2024-08,92.99,0.0,0.0,0.0,,530.66,270.02,800.68,1537.17,
CTR-0030,2024-09,92.99,0.0,0.0,0.0,,442.21,245.48,687.69,1630.16,
CTR-0030,2024-10,92.99,0.0,0.0,0.0,,353.76,220.94,574.7,1723.15,
CTR-0030,2024-11,92.99,0.0,0.0,0.0,,265.31,196.4,461.71,1816.14,
CTR-0030,2024-12,92.99,0.0,0.0,0.0,,176.86,171.86,348.72,1909.13,
CTR-0031,2023-04,4112.46,7210.26,0.0,0.0,90581.76,11255.3,0.0,11255.3,4112.46,
CTR-0031,2023-05,4112.46,3097.8,0.0,0.0,86807.52,10933.72,0.0,10933.72,8224.92,
CTR-0031,2023-06,4112.46,0.0,1014.66,0.0,83033.28,10612.14,0.0,10612.14,12337.38,
CTR-0031,2023-07,4112.46,6195.6,0.0,0.0,79259.04,10290.56,0.0,10290.56,16449.84,
CTR-0031,2023-08,5622.15,573.45,0.0,0.0,105678.6,9968.98,6002.83,15971.81,22071.99,seat_add
CTR-0031,2023-09,5622.15,0.0,5048.7,0.0,100394.67,9647.4,5831.32,15478.72,27694.14,
CTR-0031,2023-10,5622.15,5180.95,0.0,0.0,95110.74,9325.82,5659.81,14985.63,33316.29,
CTR-0031,2023-11,5622.15,0.0,441.2,0.0,89826.81,9004.24,5488.3,14492.54,38938.44,
CTR-0031,2023-12,5622.15,0.0,6063.35,0.0,84542.88,8682.66,5316.79,13999.45,44560.59,
CTR-0031,2024-01,5622.15,4166.3,0.0,0.0,79258.95,8361.08,5145.28,13506.36,50182.74,
CTR-0031,2024-02,5622.15,0.0,1455.85,0.0,73975.02,8039.5,4973.77,13013.27,55804.89,
CTR-0031,2024-03,5622.15,0.0,7078.0,0.0,68691.09,7717.92,4802.26,12520.18,61427.04,
CTR-0031,2024-04,5622.15,3151.65,0.0,0.0,63407.16,7396.34,4630.75,12027.09,67049.19,
CTR-0031,2024-05,5622.15,0.0,2470.5,0.0,58123.23,7074.76,4459.24,11534.0,72671.34,
CTR-0031,2024-06,5622.15,0.0,8092.65,0.0,52839.3,6753.18,4287.73,11040.91,78293.49,
CTR-0031,2024-07,5622.15,2137.0,0.0,0.0,47555.37,6431.6,4116.22,10547.82,83915.64,
CTR-0031,2024-08,5622.15,0.0,3485.15,0.0,42271.44,6110.02,3944.71,10054.73,89537.79,
CTR-0031,2024-09,5622.15,0.0,9107.3,0.0,36987.51,5788.44,3773.2,9561.64,95159.94,
CTR-0031,2024-10,5622.15,1122.35,0.0,0.0,31703.58,5466.86,3601.69,9068.55,100782.09,
CTR-0031,2024-11,5622.15,0.0,4499.8,0.0,26419.65,5145.28,3430.18,8575.46,106404.24,
CTR-0031,2024-12,5622.15,0.0,10121.95,0.0,21135.72,4823.7,3258.67,8082.37,112026.39,
CTR-0032,2023-04,1924.79,3849.57,0.0,0.0,46194.96,8152.46,0.0,8152.46,1924.79,
CTR-0032,2023-05,1924.79,1924.78,0.0,0.0,44270.17,7919.53,0.0,7919.53,3849.58,
CTR-0032,2023-06,1924.79,0.0,0.01,0.0,42345.38,7686.6,0.0,7686.6,5774.37,
CTR-0032,2023-07,1924.79,3849.56,0.0,0.0,40420.59,7453.67,0.0,7453.67,7699.16,
CTR-0032,2023-08,1924.79,1924.77,0.0,0.0,38495.8,7220.74,0.0,7220.74,9623.95,
CTR-0032,2023-09,1924.79,0.0,0.02,0.0,36571.01,6987.81,0.0,6987.81,11548.74,
CTR-0032,2023-10,1924.79,3849.55,0.0,0.0,34646.22,6754.88,0.0,6754.88,13473.53,
CTR-0032,2023-11,1924.79,1924.76,0.0,0.0,32721.43,6521.95,0.0,6521.95,15398.32,
CTR-0032,2023-12,1924.79,0.0,0.03,0.0,30796.64,6289.02,0.0,6289.02,17323.11,
CTR-0032,2024-01,1924.79,3849.54,0.0,0.0,28871.85,6056.09,0.0,6056.09,19247.9,
CTR-0032,2024-02,1924.79,1924.75,0.0,0.0,26947.06,5823.16,0.0,5823.16,21172.69,
CTR-0032,2024-03,1924.79,0.0,0.04,0.0,25022.27,5590.23,0.0,5590.23,23097.48,
CTR-0032,2024-04,1924.79,3849.53,0.0,0.0,23097.48,5357.3,0.0,5357.3,25022.27,
CTR-0032,2024-05,1924.79,1924.74,0.0,0.0,21172.69,5124.37,0.0,5124.37,26947.06,
CTR-0032,2024-06,1924.79,0.0,0.05,0.0,19247.9,4891.44,0.0,4891.44,28871.85,
CTR-0032,2024-07,1924.79,3849.52,0.0,0.0,17323.11,4658.51,0.0,4658.51,30796.64,
CTR-0032,2024-08,1924.79,1924.73,0.0,0.0,15398.32,4425.58,0.0,4425.58,32721.43,
CTR-0032,2024-09,1924.79,0.0,0.06,0.0,13473.53,4192.65,0.0,4192.65,34646.22,
CTR-0032,2024-10,1924.79,3849.51,0.0,0.0,11548.74,3959.72,0.0,3959.72,36571.01,
CTR-0032,2024-11,1924.79,1924.72,0.0,0.0,9623.95,3726.79,0.0,3726.79,38495.8,
CTR-0032,2024-12,1924.79,0.0,0.07,0.0,7699.16,3493.86,0.0,3493.86,40420.59,
CTR-0033,2024-02,2596.2,28558.19,0.0,0.0,31154.4,3313.12,0.0,3313.12,2596.2,
CTR-0033,2024-03,2596.2,25961.99,0.0,0.0,28558.2,3118.23,0.0,3118.23,5192.4,
CTR-0033,2024-04,2596.2,23365.79,0.0,0.0,25962.0,2923.34,0.0,2923.34,7788.6,
CTR-0033,2024-05,2596.2,20769.59,0.0,0.0,23365.8,2728.45,0.0,2728.45,10384.8,
CTR-0033,2024-06,2596.2,18173.39,0.0,0.0,20769.6,2533.56,0.0,2533.56,12981.0,
CTR-0033,2024-07,2596.2,15577.19,0.0,0.0,18173.4,2338.67,0.0,2338.67,15577.2,
CTR-0033,2024-08,2596.2,12980.99,0.0,0.0,15577.2,2143.78,0.0,2143.78,18173.4,
CTR-0033,2024-09,2596.2,10384.79,0.0,0.0,12981.0,1948.89,0.0,1948.89,20769.6,
CTR-0033,2024-10,2596.2,7788.59,0.0,0.0,10384.8,1754.0,0.0,1754.0,23365.8,
CTR-0033,2024-11,2596.2,5192.39,0.0,0.0,7788.6,1559.11,0.0,1559.11,25962.0,
CTR-0033,2024-12,2596.2,2596.19,0.0,0.0,5192.4,1364.22,0.0,1364.22,28558.2,
CTR-0034,2024-02,0.0,0.0,0.0,0.0,4453.8,445.38,0.0,445.38,0.0,trial_period
CTR-0034,2024-03,0.0,0.0,0.0,0.0,4453.8,445.38,0.0,445.38,0.0,trial_period
CTR-0034,2024-04,41.53,456.88,0.0,0.0,415.3,420.64,0.0,420.64,41.53,
CTR-0034,2024-05,41.53,415.35,0.0,0.0,373.77,395.9,0.0,395.9,83.06,
CTR-0034,2024-06,41.53,373.82,0.0,0.0,332.24,371.16,0.0,371.16,124.59,
CTR-0034,2024-07,41.53,332.29,0.0,0.0,290.71,346.42,0.0,346.42,166.12,
CTR-0034,2024-08,41.53,290.76,0.0,0.0,249.18,321.68,0.0,321.68,207.65,
CTR-0034,2024-09,41.53,249.23,0.0,0.0,207.65,296.94,0.0,296.94,249.18,
CTR-0034,2024-10,41.53,207.7,0.0,0.0,166.12,272.2,0.0,272.2,290.71,
CTR-0034,2024-11,41.53,166.17,0.0,0.0,124.59,247.46,0.0,247.46,332.24,
CTR-0034,2024-12,41.53,124.64,0.0,0.0,83.06,222.72,0.0,222.72,373.77,
CTR-0035,2023-10,3377.9,37156.93,0.0,0.0,81069.6,6112.62,0.0,6112.62,3377.9,
CTR-0035,2023-11,3377.9,33779.03,0.0,0.0,77691.7,5846.85,0.0,5846.85,6755.8,
CTR-0035,2023-12,3377.9,30401.13,0.0,0.0,74313.8,5581.08,0.0,5581.08,10133.7,
CTR-0035,2024-01,3377.9,27023.23,0.0,0.0,70935.9,5315.31,0.0,5315.31,13511.6,
CTR-0035,2024-02,3377.9,23645.33,0.0,0.0,67558.0,5049.54,0.0,5049.54,16889.5,
CTR-0035,2024-03,3377.9,20267.43,0.0,0.0,64180.1,4783.77,0.0,4783.77,20267.4,
CTR-0035,2024-04,3377.9,16889.53,0.0,0.0,60802.2,4518.0,0.0,4518.0,23645.3,
CTR-0035,2024-05,3377.9,13511.63,0.0,0.0,57424.3,4252.23,0.0,4252.23,27023.2,
CTR-0035,2024-06,3377.9,10133.73,0.0,0.0,54046.4,3986.46,0.0,3986.46,30401.1,
CTR-0035,2024-07,3377.9,6755.83,0.0,0.0,50668.5,3720.69,0.0,3720.69,33779.0,
CTR-0035,2024-08,3377.9,3377.93,0.0,0.0,47290.6,3454.92,0.0,3454.92,37156.9,
CTR-0035,2024-09,3377.9,0.03,0.0,0.0,43912.7,3189.15,0.0,3189.15,40534.8,
CTR-0035,2024-10,3377.9,0.0,3377.87,0.0,40534.8,2923.38,0.0,2923.38,43912.7,
CTR-0035,2024-11,3377.9,0.0,6755.77,0.0,37156.9,2657.61,0.0,2657.61,47290.6,
CTR-0035,2024-12,3377.9,0.0,10133.67,0.0,33779.0,2391.84,0.0,2391.84,50668.5,
CTR-0036,2023-10,322.64,3549.04,0.0,0.0,7743.36,1875.52,0.0,1875.52,322.64,
CTR-0036,2023-11,322.64,3226.4,0.0,0.0,7420.72,1793.98,0.0,1793.98,645.28,
CTR-0036,2023-12,322.64,2903.76,0.0,0.0,7098.08,1712.44,0.0,1712.44,967.92,
CTR-0036,2024-01,322.64,2581.12,0.0,0.0,6775.44,1630.9,0.0,1630.9,1290.56,
CTR-0036,2024-02,322.64,2258.48,0.0,0.0,6452.8,1549.36,0.0,1549.36,1613.2,
CTR-0036,2024-03,394.54,1863.94,0.0,0.0,7496.26,1467.82,313.49,1781.31,2007.74,tier_upgrade
CTR-0036,2024-04,394.54,1469.4,0.0,0.0,7101.72,1386.28,299.86,1686.14,2402.28,
CTR-0036,2024-05,394.54,1074.86,0.0,0.0,6707.18,1304.74,286.23,1590.97,2796.82,
CTR-0036,2024-06,394.54,680.32,0.0,0.0,6312.64,1223.2,272.6,1495.8,3191.36,
CTR-0036,2024-07,394.54,285.78,0.0,0.0,5918.1,1141.66,258.97,1400.63,3585.9,
CTR-0036,2024-08,394.54,0.0,108.76,0.0,5523.56,1060.12,245.34,1305.46,3980.44,
CTR-0036,2024-09,394.54,0.0,503.3,0.0,5129.02,978.58,231.71,1210.29,4374.98,
CTR-0036,2024-10,394.54,0.0,897.84,0.0,4734.48,897.04,218.08,1115.12,4769.52,
CTR-0036,2024-11,394.54,0.0,1292.38,0.0,4339.94,815.5,204.45,1019.95,5164.06,
CTR-0036,2024-12,394.54,0.0,1686.92,0.0,3945.4,733.96,190.82,924.78,5558.6,
CTR-0037,2024-05,10111.99,0.0,0.0,0.0,,60729.48,0.0,60729.48,10111.99,
CTR-0037,2024-06,10111.99,0.0,0.0,0.0,,58994.35,0.0,58994.35,20223.98,
CTR-0037,2024-07,10111.99,0.0,0.0,0.0,,57259.22,0.0,57259.22,30335.97,
CTR-0037,2024-08,10111.99,0.0,0.0,0.0,,55524.09,0.0,55524.09,40447.96,
CTR-0037,2024-09,10111.99,0.0,0.0,0.0,,53788.96,0.0,53788.96,50559.95,
CTR-0037,2024-10,10111.99,0.0,0.0,0.0,,52053.83,0.0,52053.83,60671.94,
CTR-0037,2024-11,10111.99,0.0,0.0,0.0,,50318.7,0.0,50318.7,70783.93,
CTR-0037,2024-12,10111.99,0.0,0.0,0.0,,48583.57,0.0,48583.57,80895.92,
CTR-0038,2024-05,224.02,0.0,0.0,0.0,,9347.05,0.0,9347.05,224.02,
CTR-0038,2024-06,224.02,0.0,0.0,0.0,,9079.99,0.0,9079.99,448.04,
CTR-0038,2024-07,224.02,0.0,0.0,0.0,,8812.93,0.0,8812.93,672.06,
CTR-0038,2024-08,224.02,0.0,0.0,0.0,,8545.87,0.0,8545.87,896.08,
CTR-0038,2024-09,224.02,0.0,0.0,0.0,,8278.81,0.0,8278.81,1120.1,
CTR-0038,2024-10,224.02,0.0,0.0,0.0,,8011.75,0.0,8011.75,1344.12,
CTR-0038,2024-11,163.76,0.0,0.0,0.0,,7744.69,0.0,7744.69,1507.88,tier_downgrade
CTR-0038,2024-12,163.76,0.0,0.0,0.0,,7477.63,0.0,7477.63,1671.64,
CTR-0039,2023-08,2974.19,0.0,0.0,0.0,,5854.8,0.0,5854.8,2974.19,
CTR-0039,2023-09,2974.19,0.0,0.0,0.0,,5510.4,0.0,5510.4,5948.38,
CTR-0039,2023-10,2974.19,0.0,0.0,0.0,,5166.0,0.0,5166.0,8922.57,
CTR-0039,2023-11,2974.19,0.0,0.0,0.0,,4821.6,0.0,4821.6,11896.76,
CTR-0039,2023-12,2974.19,0.0,0.0,0.0,,4477.2,0.0,4477.2,14870.95,
CTR-0039,2024-01,2974.19,0.0,0.0,0.0,,4132.8,0.0,4132.8,17845.14,
CTR-0039,2024-02,2974.19,0.0,0.0,0.0,,0.0,0.0,0.0,20819.33,deferred_rev_refunded_to_customer
CTR-0040,2023-08,75.94,0.0,0.0,0.0,,946.41,0.0,946.41,75.94,
CTR-0040,2023-09,75.94,0.0,0.0,0.0,,890.74,0.0,890.74,151.88,
CTR-0040,2023-10,75.94,0.0,0.0,0.0,,835.07,0.0,835.07,227.82,
CTR-0040,2023-11,75.94,0.0,0.0,0.0,,779.4,0.0,779.4,303.76,
CTR-0040,2023-12,75.94,0.0,0.0,0.0,,723.73,0.0,723.73,379.7,
CTR-0040,2024-01,75.94,0.0,0.0,0.0,,668.06,0.0,668.06,455.64,
CTR-0040,2024-02,75.94,0.0,0.0,0.0,,612.39,0.0,612.39,531.58,
CTR-0040,2024-03,75.94,0.0,0.0,0.0,,556.72,0.0,556.72,607.52,
CTR-0040,2024-04,75.94,0.0,0.0,0.0,,501.05,0.0,501.05,683.46,
CTR-0040,2024-05,75.94,0.0,0.0,0.0,,445.38,0.0,445.38,759.4,
CTR-0040,2024-06,75.94,0.0,0.0,0.0,,389.71,0.0,389.71,835.34,
CTR-0040,2024-07,75.94,0.0,0.0,0.0,,334.04,0.0,334.04,911.28,
CTR-0040,2024-08,75.94,0.0,0.0,0.0,,278.37,0.0,278.37,987.22,
CTR-0040,2024-09,75.94,0.0,0.0,0.0,,222.7,0.0,222.7,1063.16,
CTR-0040,2024-10,75.94,0.0,0.0,0.0,,167.03,0.0,167.03,1139.1,
CTR-0040,2024-11,75.94,0.0,0.0,0.0,,111.36,0.0,111.36,1215.04,
CTR-0040,2024-12,75.94,0.0,0.0,0.0,,55.69,0.0,55.69,1290.98,
CTR-0041,2023-11,3670.4,7340.8,0.0,0.0,88089.6,6119.74,0.0,6119.74,3670.4,
CTR-0041,2023-12,3670.4,3670.4,0.0,0.0,84419.2,5853.66,0.0,5853.66,7340.8,
CTR-0041,2024-01,3670.4,0.0,0.0,0.0,80748.8,5587.58,0.0,5587.58,11011.2,
CTR-0041,2024-02,3670.4,7340.8,0.0,0.0,77078.4,5321.5,0.0,5321.5,14681.6,
CTR-0041,2024-03,4539.7,2801.1,0.0,0.0,90794.0,5055.42,1087.06,6142.48,19221.3,seat_add
CTR-0041,2024-04,4539.7,0.0,1738.6,0.0,86254.3,4789.34,1039.8,5829.14,23761.0,
CTR-0041,2024-05,4539.7,7340.81,0.0,0.0,81714.6,4523.26,992.54,5515.8,28300.7,
CTR-0041,2024-06,4539.7,2801.11,0.0,0.0,77174.9,4257.18,945.28,5202.46,32840.4,
CTR-0041,2024-07,4539.7,0.0,1738.59,0.0,72635.2,3991.1,898.02,4889.12,37380.1,
CTR-0041,2024-08,4539.7,7340.82,0.0,0.0,68095.5,3725.02,850.76,4575.78,41919.8,
CTR-0041,2024-09,4539.7,2801.12,0.0,0.0,63555.8,3458.94,803.5,4262.44,46459.5,
CTR-0041,2024-10,4539.7,0.0,1738.58,0.0,59016.1,3192.86,756.24,3949.1,50999.2,
CTR-0041,2024-11,4539.7,7340.83,0.0,0.0,54476.4,2926.78,708.98,3635.76,55538.9,
CTR-0041,2024-12,4539.7,2801.13,0.0,0.0,49936.7,2660.7,661.72,3322.42,60078.6,
CTR-0042,2023-11,167.48,334.95,0.0,0.0,4019.52,1341.17,0.0,1341.17,167.48,
CTR-0042,2023-12,167.48,167.47,0.0,0.0,3852.04,1282.86,0.0,1282.86,334.96,
CTR-0042,2024-01,167.48,0.0,0.01,0.0,3684.56,1224.55,0.0,1224.55,502.44,
CTR-0042,2024-02,167.48,334.94,0.0,0.0,3517.08,1166.24,0.0,1166.24,669.92,
CTR-0042,2024-03,167.48,167.46,0.0,0.0,3349.6,1107.93,0.0,1107.93,837.4,
CTR-0042,2024-04,244.22,0.0,76.76,0.0,4640.18,1049.62,409.69,1459.31,1081.62,tier_upgrade
CTR-0042,2024-05,244.22,411.67,0.0,0.0,4395.96,991.31,391.88,1383.19,1325.84,
CTR-0042,2024-06,244.22,167.45,0.0,0.0,4151.74,933.0,374.07,1307.07,1570.06,
CTR-0042,2024-07,244.22,0.0,76.77,0.0,3907.52,874.69,356.26,1230.95,1814.28,
CTR-0042,2024-08,244.22,411.66,0.0,0.0,3663.3,816.38,338.45,1154.83,2058.5,
CTR-0042,2024-09,244.22,167.44,0.0,0.0,3419.08,758.07,320.64,1078.71,2302.72,
CTR-0042,2024-10,244.22,0.0,76.78,0.0,3174.86,699.76,302.83,1002.59,2546.94,
CTR-0042,2024-11,244.22,411.65,0.0,0.0,2930.64,641.45,285.02,926.47,2791.16,
CTR-0042,2024-12,244.22,167.43,0.0,0.0,2686.42,583.14,267.21,850.35,3035.38,
CTR-0043,2023-03,1476.22,5298.29,0.0,0.0,13548.96,2249.52,0.0,2249.52,1476.22,
CTR-0043,2023-04,1476.22,3822.07,0.0,0.0,12984.42,2185.25,0.0,2185.25,2952.44,
CTR-0043,2023-05,1476.22,2345.85,0.0,0.0,12419.88,2120.98,0.0,2120.98,4428.66,
CTR-0043,2023-06,1476.22,869.63,0.0,0.0,11855.34,2056.71,0.0,2056.71,5904.88,
CTR-0043,2023-07,1476.22,0.0,606.59,0.0,11290.8,1992.44,0.0,1992.44,7381.1,
CTR-0043,2023-08,1476.22,0.0,2082.81,0.0,10726.26,1928.17,0.0,1928.17,8857.32,
CTR-0043,2023-09,1476.22,0.0,3559.03,0.0,10161.72,1863.9,0.0,1863.9,10333.54,
CTR-0043,2023-10,1476.22,0.0,5035.25,0.0,9597.18,1799.63,0.0,1799.63,11809.76,
CTR-0043,2023-11,1476.22,0.0,6511.47,0.0,9032.64,1735.36,0.0,1735.36,13285.98,
CTR-0043,2023-12,1476.22,0.0,7987.69,0.0,8468.1,1671.09,0.0,1671.09,14762.2,
CTR-0043,2024-01,1476.22,0.0,9463.91,0.0,7903.56,1606.82,0.0,1606.82,16238.42,
CTR-0043,2024-02,1476.22,0.0,10940.13,0.0,7339.02,1542.55,0.0,1542.55,17714.64,
CTR-0043,2024-03,1476.22,0.0,12416.35,0.0,6774.48,1478.28,0.0,1478.28,19190.86,
CTR-0043,2024-04,1476.22,0.0,13892.57,0.0,6209.94,1414.01,0.0,1414.01,20667.08,
CTR-0043,2024-05,1476.22,0.0,15368.79,0.0,5645.4,1349.74,0.0,1349.74,22143.3,
CTR-0043,2024-06,1476.22,0.0,16845.01,0.0,5080.86,1285.47,0.0,1285.47,23619.52,
CTR-0043,2024-07,1476.22,0.0,18321.23,0.0,4516.32,1221.2,0.0,1221.2,25095.74,
CTR-0043,2024-08,1476.22,0.0,19797.45,0.0,3951.78,1156.93,0.0,1156.93,26571.96,
CTR-0043,2024-09,1476.22,0.0,21273.67,0.0,3387.24,1092.66,0.0,1092.66,28048.18,
CTR-0043,2024-10,1476.22,0.0,22749.89,0.0,2822.7,1028.39,0.0,1028.39,29524.4,
CTR-0043,2024-11,1476.22,0.0,24226.11,0.0,2258.16,964.12,0.0,964.12,31000.62,
CTR-0043,2024-12,1476.22,0.0,25702.33,0.0,1693.62,899.85,0.0,899.85,32476.84,
CTR-0044,2023-03,985.03,10835.27,0.0,0.0,23640.72,3073.72,0.0,3073.72,985.03,
CTR-0044,2023-04,985.03,9850.24,0.0,0.0,22655.69,2985.9,0.0,2985.9,1970.06,
CTR-0044,2023-05,985.03,8865.21,0.0,0.0,21670.66,2898.08,0.0,2898.08,2955.09,
CTR-0044,2023-06,985.03,7880.18,0.0,0.0,20685.63,2810.26,0.0,2810.26,3940.12,
CTR-0044,2023-07,985.03,6895.15,0.0,0.0,19700.6,2722.44,0.0,2722.44,4925.15,
CTR-0044,2023-08,985.03,5910.12,0.0,0.0,18715.57,2634.62,0.0,2634.62,5910.18,
CTR-0044,2023-09,985.03,4925.09,0.0,0.0,17730.54,2546.8,0.0,2546.8,6895.21,
CTR-0044,2023-10,985.03,3940.06,0.0,0.0,16745.51,2458.98,0.0,2458.98,7880.24,
CTR-0044,2023-11,985.03,2955.03,0.0,0.0,15760.48,2371.16,0.0,2371.16,8865.27,
CTR-0044,2023-12,985.03,1970.0,0.0,0.0,14775.45,2283.34,0.0,2283.34,9850.3,
CTR-0044,2024-01,985.03,984.97,0.0,0.0,13790.42,2195.52,0.0,2195.52,10835.33,
CTR-0044,2024-02,985.03,0.0,0.06,0.0,12805.39,2107.7,0.0,2107.7,11820.36,
CTR-0044,2024-03,985.03,0.0,985.09,0.0,11820.36,2019.88,0.0,2019.88,12805.39,
CTR-0044,2024-04,985.03,0.0,1970.12,0.0,10835.33,1932.06,0.0,1932.06,13790.42,
CTR-0044,2024-05,985.03,0.0,2955.15,0.0,9850.3,1844.24,0.0,1844.24,14775.45,
CTR-0044,2024-06,985.03,0.0,3940.18,0.0,8865.27,1756.42,0.0,1756.42,15760.48,
CTR-0044,2024-07,985.03,0.0,4925.21,0.0,7880.24,1668.6,0.0,1668.6,16745.51,
CTR-0044,2024-08,985.03,0.0,5910.24,0.0,6895.21,1580.78,0.0,1580.78,17730.54,
CTR-0044,2024-09,985.03,0.0,6895.27,0.0,5910.18,1492.96,0.0,1492.96,18715.57,
CTR-0044,2024-10,985.03,0.0,7880.3,0.0,4925.15,1405.14,0.0,1405.14,19700.6,
CTR-0044,2024-11,985.03,0.0,8865.33,0.0,3940.12,1317.32,0.0,1317.32,20685.63,
CTR-0044,2024-12,985.03,0.0,9850.36,0.0,2955.09,1229.5,0.0,1229.5,21670.66,
CTR-0045,2023-12,675.86,7434.41,0.0,0.0,8110.32,1218.6,0.0,1218.6,675.86,
CTR-0045,2024-01,675.86,6758.55,0.0,0.0,7434.46,1146.92,0.0,1146.92,1351.72,
CTR-0045,2024-02,675.86,6082.69,0.0,0.0,6758.6,1075.24,0.0,1075.24,2027.58,
CTR-0045,2024-03,675.86,5406.83,0.0,0.0,6082.74,1003.56,0.0,1003.56,2703.44,
CTR-0045,2024-04,675.86,4730.97,0.0,0.0,5406.88,931.88,0.0,931.88,3379.3,
CTR-0045,2024-05,7424.36,0.0,0.0,0.0,4731.02,0.0,0.0,0.0,10803.66,"termination_penalty_recognized_$2,018"
CTR-0046,2023-12,231.08,2541.82,0.0,0.0,5545.92,705.07,0.0,705.07,231.08,
CTR-0046,2024-01,231.08,2310.74,0.0,0.0,5314.84,663.6,0.0,663.6,462.16,
CTR-0046,2024-02,231.08,2079.66,0.0,0.0,5083.76,622.13,0.0,622.13,693.24,
CTR-0046,2024-03,231.08,1848.58,0.0,0.0,4852.68,580.66,0.0,580.66,924.32,
CTR-0046,2024-04,231.08,1617.5,0.0,0.0,4621.6,539.19,0.0,539.19,1155.4,
CTR-0046,2024-05,231.08,1386.42,0.0,0.0,4390.52,497.72,0.0,497.72,1386.48,
CTR-0046,2024-06,231.08,1155.34,0.0,0.0,4159.44,456.25,0.0,456.25,1617.56,
CTR-0046,2024-07,231.08,924.26,0.0,0.0,3928.36,414.78,0.0,414.78,1848.64,
CTR-0046,2024-08,231.08,693.18,0.0,0.0,3697.28,373.31,0.0,373.31,2079.72,
CTR-0046,2024-09,231.08,462.1,0.0,0.0,3466.2,331.84,0.0,331.84,2310.8,
CTR-0046,2024-10,231.08,231.02,0.0,0.0,3235.12,290.37,0.0,290.37,2541.88,
CTR-0046,2024-11,231.08,0.0,0.06,0.0,3004.04,248.9,0.0,248.9,2772.96,
CTR-0046,2024-12,231.08,0.0,231.14,0.0,2772.96,207.43,0.0,207.43,3004.04,
CTR-0047,2023-01,5742.9,0.0,0.0,0.0,,9762.93,0.0,9762.93,5742.9,
CTR-0047,2023-02,5742.9,0.0,0.0,0.0,,9188.64,0.0,9188.64,11485.8,
CTR-0047,2023-03,5742.9,0.0,0.0,0.0,,8614.35,0.0,8614.35,17228.7,
CTR-0047,2023-04,5742.9,0.0,0.0,0.0,,8040.06,0.0,8040.06,22971.6,
CTR-0047,2023-05,5742.9,0.0,0.0,0.0,,7465.77,0.0,7465.77,28714.5,
CTR-0047,2023-06,5742.9,0.0,0.0,0.0,,6891.48,0.0,6891.48,34457.4,
CTR-0047,2023-07,5742.9,0.0,0.0,0.0,,6317.19,0.0,6317.19,40200.3,
CTR-0047,2023-08,5742.9,0.0,0.0,0.0,,5742.9,0.0,5742.9,45943.2,
CTR-0047,2023-09,5742.9,0.0,0.0,0.0,,5168.61,0.0,5168.61,51686.1,
CTR-0047,2023-10,5742.9,0.0,0.0,0.0,,4594.32,0.0,4594.32,57429.0,
CTR-0047,2023-11,5742.9,0.0,0.0,0.0,,4020.03,0.0,4020.03,63171.9,
CTR-0047,2023-12,5742.9,0.0,0.0,0.0,,3445.74,0.0,3445.74,68914.8,
CTR-0047,2024-01,5742.9,0.0,0.0,0.0,,2871.45,0.0,2871.45,74657.7,
CTR-0047,2024-02,5742.9,0.0,0.0,0.0,,2297.16,0.0,2297.16,80400.6,
CTR-0047,2024-03,5742.9,0.0,0.0,0.0,,1722.87,0.0,1722.87,86143.5,
CTR-0047,2024-04,5742.9,0.0,0.0,0.0,,1148.58,0.0,1148.58,91886.4,
CTR-0047,2024-05,5742.9,0.0,0.0,0.0,,574.29,0.0,574.29,97629.3,
CTR-0047,2024-06,5742.9,0.0,0.0,0.0,,0.0,0.0,0.0,103372.2,
CTR-0047,2024-07,5742.9,0.0,0.0,0.0,,0.0,0.0,0.0,109115.1,
CTR-0047,2024-08,5742.9,0.0,0.0,0.0,,0.0,0.0,0.0,114858.0,
CTR-0047,2024-09,5742.9,0.0,0.0,0.0,,0.0,0.0,0.0,120600.9,
CTR-0047,2024-10,5742.9,0.0,0.0,0.0,,0.0,0.0,0.0,126343.8,
CTR-0047,2024-11,5742.9,0.0,0.0,0.0,,0.0,0.0,0.0,132086.7,
CTR-0047,2024-12,5742.9,0.0,0.0,0.0,,0.0,0.0,0.0,137829.6,
CTR-0048,2023-04,763.36,8396.96,0.0,0.0,18320.64,865.14,0.0,865.14,763.36,
CTR-0048,2023-05,763.36,7633.6,0.0,0.0,17557.28,814.25,0.0,814.25,1526.72,
CTR-0048,2023-06,763.36,6870.24,0.0,0.0,16793.92,763.36,0.0,763.36,2290.08,
CTR-0048,2023-07,763.36,6106.88,0.0,0.0,16030.56,712.47,0.0,712.47,3053.44,
CTR-0048,2023-08,763.36,5343.52,0.0,0.0,15267.2,661.58,0.0,661.58,3816.8,
CTR-0048,2023-09,763.36,4580.16,0.0,0.0,14503.84,610.69,0.0,610.69,4580.16,
CTR-0048,2023-10,763.36,3816.8,0.0,0.0,13740.48,559.8,0.0,559.8,5343.52,
CTR-0048,2023-11,763.36,3053.44,0.0,0.0,12977.12,508.91,0.0,508.91,6106.88,
CTR-0048,2023-12,763.36,2290.08,0.0,0.0,12213.76,458.02,0.0,458.02,6870.24,
CTR-0048,2024-01,763.36,1526.72,0.0,0.0,11450.4,407.13,0.0,407.13,7633.6,
CTR-0048,2024-02,763.36,763.36,0.0,0.0,10687.04,356.24,0.0,356.24,8396.96,
CTR-0048,2024-03,763.36,0.0,0.0,0.0,9923.68,305.35,0.0,305.35,9160.32,
CTR-0048,2024-04,763.36,0.0,763.36,0.0,9160.32,254.46,0.0,254.46,9923.68,
CTR-0048,2024-05,763.36,0.0,1526.72,0.0,8396.96,203.57,0.0,203.57,10687.04,
CTR-0048,2024-06,763.36,0.0,2290.08,0.0,7633.6,152.68,0.0,152.68,11450.4,
CTR-0048,2024-07,763.36,0.0,3053.44,0.0,6870.24,101.79,0.0,101.79,12213.76,
CTR-0048,2024-08,763.36,0.0,3816.8,0.0,6106.88,50.9,0.0,50.9,12977.12,
CTR-0048,2024-09,763.36,0.0,4580.16,0.0,5343.52,0.01,0.0,0.01,13740.48,
CTR-0048,2024-10,763.36,0.0,5343.52,0.0,4580.16,0.0,0.0,0.0,14503.84,
CTR-0048,2024-11,763.36,0.0,6106.88,0.0,3816.8,0.0,0.0,0.0,15267.2,
CTR-0048,2024-12,763.36,0.0,6870.24,0.0,3053.44,0.0,0.0,0.0,16030.56,
CTR-0049,2023-04,5613.99,0.0,0.0,0.0,,29473.45,0.0,29473.45,5613.99,
CTR-0049,2023-05,5613.99,0.0,0.0,0.0,,28631.35,0.0,28631.35,11227.98,
CTR-0049,2023-06,5613.99,0.0,0.0,0.0,,27789.25,0.0,27789.25,16841.97,
CTR-0049,2023-07,5755.15,0.0,0.0,0.0,,26947.15,0.0,26947.15,22597.12,
CTR-0049,2023-08,5839.0,0.0,0.0,0.0,,26105.05,0.0,26105.05,28436.12,
CTR-0049,2023-09,5662.81,0.0,0.0,0.0,,25262.95,0.0,25262.95,34098.93,
CTR-0049,2023-10,5613.99,0.0,0.0,0.0,,24420.85,0.0,24420.85,39712.92,
CTR-0049,2023-11,5867.04,0.0,0.0,0.0,,23578.75,0.0,23578.75,45579.96,
CTR-0049,2023-12,5613.99,0.0,0.0,0.0,,22736.65,0.0,22736.65,51193.95,
CTR-0049,2024-01,5728.18,0.0,0.0,0.0,,21894.55,0.0,21894.55,56922.13,
CTR-0049,2024-02,5827.05,0.0,0.0,0.0,,21052.45,0.0,21052.45,62749.18,
CTR-0049,2024-03,5613.99,0.0,0.0,0.0,,20210.35,0.0,20210.35,68363.17,
CTR-0049,2024-04,5613.99,0.0,0.0,0.0,,19368.25,0.0,19368.25,73977.16,
CTR-0049,2024-05,5613.99,0.0,0.0,0.0,,18526.15,0.0,18526.15,79591.15,
CTR-0049,2024-06,5903.33,0.0,0.0,0.0,,17684.05,0.0,17684.05,85494.48,
CTR-0049,2024-07,5613.99,0.0,0.0,0.0,,16841.95,0.0,16841.95,91108.47,
CTR-0049,2024-08,5630.58,0.0,0.0,0.0,,15999.85,0.0,15999.85,96739.05,
CTR-0049,2024-09,5764.37,0.0,0.0,0.0,,15157.75,0.0,15157.75,102503.42,
CTR-0049,2024-10,5690.96,0.0,0.0,0.0,,14315.65,0.0,14315.65,108194.38,
CTR-0049,2024-11,5613.99,0.0,0.0,0.0,,13473.55,0.0,13473.55,113808.37,
CTR-0049,2024-12,5885.74,0.0,0.0,0.0,,12631.45,0.0,12631.45,119694.11,
CTR-0050,2023-06,7311.94,80431.34,0.0,0.0,87743.28,10090.47,0.0,10090.47,7311.94,
CTR-0050,2023-07,7311.94,73119.4,0.0,0.0,80431.34,9651.75,0.0,9651.75,14623.88,
CTR-0050,2023-08,7311.94,65807.46,0.0,0.0,73119.4,9213.03,0.0,9213.03,21935.82,
CTR-0050,2023-09,7311.94,58495.52,0.0,0.0,65807.46,8774.31,0.0,8774.31,29247.76,
CTR-0050,2023-10,7311.94,51183.58,0.0,0.0,58495.52,8335.59,0.0,8335.59,36559.7,
CTR-0050,2023-11,7311.94,43871.64,0.0,0.0,51183.58,7896.87,0.0,7896.87,43871.64,
CTR-0050,2023-12,7311.94,36559.7,0.0,0.0,43871.64,7458.15,0.0,7458.15,51183.58,
CTR-0050,2024-01,7311.94,29247.76,0.0,0.0,36559.7,7019.43,0.0,7019.43,58495.52,
CTR-0050,2024-02,7311.94,21935.82,0.0,0.0,29247.76,6580.71,0.0,6580.71,65807.46,
CTR-0050,2024-03,7311.94,14623.88,0.0,0.0,21935.82,6141.99,0.0,6141.99,73119.4,
CTR-0050,2024-04,7311.94,7311.94,0.0,0.0,14623.88,5703.27,0.0,5703.27,80431.34,
CTR-0050,2024-05,7311.94,0.0,0.0,0.0,7311.94,5264.55,0.0,5264.55,87743.28,
CTR-0050,2024-06,0.0,0.0,0.0,0.0,0.0,0.0,0.0,0.0,87743.28,churn
CTR-0051,2023-06,3004.25,0.0,0.0,0.0,,15772.31,0.0,15772.31,3004.25,
CTR-0051,2023-07,3004.25,0.0,0.0,0.0,,15321.67,0.0,15321.67,6008.5,
CTR-0051,2023-08,3004.25,0.0,0.0,0.0,,14871.03,0.0,14871.03,9012.75,
CTR-0051,2023-09,3004.25,0.0,0.0,0.0,,14420.39,0.0,14420.39,12017.0,
CTR-0051,2023-10,3004.25,0.0,0.0,0.0,,13969.75,0.0,13969.75,15021.25,
CTR-0051,2023-11,3655.37,0.0,0.0,0.0,,13519.11,1234.41,14753.52,18676.62,tier_upgrade
CTR-0051,2023-12,3655.37,0.0,0.0,0.0,,13068.47,1199.14,14267.61,22331.99,
CTR-0051,2024-01,3655.37,0.0,0.0,0.0,,12617.83,1163.87,13781.7,25987.36,
CTR-0051,2024-02,3655.37,0.0,0.0,0.0,,12167.19,1128.6,13295.79,29642.73,
CTR-0051,2024-03,3655.37,0.0,0.0,0.0,,11716.55,1093.33,12809.88,33298.1,
CTR-0051,2024-04,3655.37,0.0,0.0,0.0,,11265.91,1058.06,12323.97,36953.47,
CTR-0051,2024-05,3655.37,0.0,0.0,0.0,,10815.27,1022.79,11838.06,40608.84,
CTR-0051,2024-06,3655.37,0.0,0.0,0.0,,10364.63,987.52,11352.15,44264.21,
CTR-0051,2024-07,3655.37,0.0,0.0,0.0,,9913.99,952.25,10866.24,47919.58,
CTR-0051,2024-08,3655.37,0.0,0.0,0.0,,9463.35,916.98,10380.33,51574.95,
CTR-0051,2024-09,3655.37,0.0,0.0,0.0,,9012.71,881.71,9894.42,55230.32,
CTR-0051,2024-10,3655.37,0.0,0.0,0.0,,8562.07,846.44,9408.51,58885.69,
CTR-0051,2024-11,3655.37,0.0,0.0,0.0,,8111.43,811.17,8922.6,62541.06,
CTR-0051,2024-12,3655.37,0.0,0.0,0.0,,7660.79,775.9,8436.69,66196.43,
CTR-0052,2023-02,8808.0,17616.0,0.0,0.0,211392.0,15414.0,0.0,15414.0,8808.0,
CTR-0052,2023-03,8808.0,8808.0,0.0,0.0,202584.0,14973.6,0.0,14973.6,17616.0,
CTR-0052,2023-04,8808.0,0.0,0.0,0.0,193776.0,14533.2,0.0,14533.2,26424.0,
CTR-0052,2023-05,8808.0,17616.0,0.0,0.0,184968.0,14092.8,0.0,14092.8,35232.0,
CTR-0052,2023-06,8808.0,8808.0,0.0,0.0,176160.0,13652.4,0.0,13652.4,44040.0,
CTR-0052,2023-07,8808.0,0.0,0.0,0.0,167352.0,13212.0,0.0,13212.0,52848.0,
CTR-0052,2023-08,8808.0,17616.0,0.0,0.0,158544.0,12771.6,0.0,12771.6,61656.0,
CTR-0052,2023-09,8808.0,8808.0,0.0,0.0,149736.0,12331.2,0.0,12331.2,70464.0,
CTR-0052,2023-10,8808.0,0.0,0.0,0.0,140928.0,11890.8,0.0,11890.8,79272.0,
CTR-0052,2023-11,8808.0,17616.0,0.0,0.0,132120.0,11450.4,0.0,11450.4,88080.0,
CTR-0052,2023-12,8808.0,8808.0,0.0,0.0,123312.0,11010.0,0.0,11010.0,96888.0,
CTR-0052,2024-01,8808.0,0.0,0.0,0.0,114504.0,10569.6,0.0,10569.6,105696.0,
CTR-0052,2024-02,8808.0,17616.0,0.0,0.0,105696.0,10129.2,0.0,10129.2,114504.0,
CTR-0052,2024-03,8808.0,8808.0,0.0,0.0,96888.0,9688.8,0.0,9688.8,123312.0,
CTR-0052,2024-04,8808.0,0.0,0.0,0.0,88080.0,9248.4,0.0,9248.4,132120.0,
CTR-0052,2024-05,8808.0,17616.0,0.0,0.0,79272.0,8808.0,0.0,8808.0,140928.0,
CTR-0052,2024-06,8808.0,8808.0,0.0,0.0,70464.0,8367.6,0.0,8367.6,149736.0,
CTR-0052,2024-07,8808.0,0.0,0.0,0.0,61656.0,7927.2,0.0,7927.2,158544.0,
CTR-0052,2024-08,8808.0,17616.0,0.0,0.0,52848.0,7486.8,0.0,7486.8,167352.0,
CTR-0052,2024-09,8808.0,8808.0,0.0,0.0,44040.0,7046.4,0.0,7046.4,176160.0,
CTR-0052,2024-10,8808.0,0.0,0.0,0.0,35232.0,6606.0,0.0,6606.0,184968.0,
CTR-0052,2024-11,8808.0,17616.0,0.0,0.0,26424.0,6165.6,0.0,6165.6,193776.0,
CTR-0052,2024-12,8808.0,8808.0,0.0,0.0,17616.0,5725.2,0.0,5725.2,202584.0,
CTR-0053,2023-04,0.0,0.0,0.0,0.0,,741.98,0.0,741.98,0.0,trial_period
CTR-0053,2023-05,0.0,0.0,0.0,0.0,,741.98,0.0,741.98,0.0,trial_period
CTR-0053,2023-06,412.21,0.0,0.0,0.0,,700.76,0.0,700.76,412.21,
CTR-0053,2023-07,412.21,0.0,0.0,0.0,,659.54,0.0,659.54,824.42,
CTR-0053,2023-08,412.21,0.0,0.0,0.0,,618.32,0.0,618.32,1236.63,
CTR-0053,2023-09,412.21,0.0,0.0,0.0,,577.1,0.0,577.1,1648.84,
CTR-0053,2023-10,270.09,0.0,0.0,0.0,,535.88,0.0,535.88,1918.93,tier_downgrade
CTR-0053,2023-11,270.09,0.0,0.0,0.0,,494.66,0.0,494.66,2189.02,
CTR-0053,2023-12,270.09,0.0,0.0,0.0,,453.44,0.0,453.44,2459.11,
CTR-0053,2024-01,270.09,0.0,0.0,0.0,,412.22,0.0,412.22,2729.2,
CTR-0053,2024-02,270.09,0.0,0.0,0.0,,371.0,0.0,371.0,2999.29,
CTR-0053,2024-03,270.09,0.0,0.0,0.0,,329.78,0.0,329.78,3269.38,
CTR-0053,2024-04,270.09,0.0,0.0,0.0,,288.56,0.0,288.56,3539.47,
CTR-0053,2024-05,270.09,0.0,0.0,0.0,,247.34,0.0,247.34,3809.56,
CTR-0053,2024-06,270.09,0.0,0.0,0.0,,206.12,0.0,206.12,4079.65,
CTR-0053,2024-07,270.09,0.0,0.0,0.0,,164.9,0.0,164.9,4349.74,
CTR-0053,2024-08,270.09,0.0,0.0,0.0,,123.68,0.0,123.68,4619.83,
CTR-0053,2024-09,270.09,0.0,0.0,0.0,,82.46,0.0,82.46,4889.92,
CTR-0053,2024-10,270.09,0.0,0.0,0.0,,41.24,0.0,41.24,5160.01,
CTR-0053,2024-11,270.09,0.0,0.0,0.0,,0.02,0.0,0.02,5430.1,
CTR-0053,2024-12,270.09,0.0,0.0,0.0,,0.0,0.0,0.0,5700.19,
CTR-0054,2023-08,2419.1,0.0,0.0,0.0,,2319.84,0.0,2319.84,2419.1,
CTR-0054,2023-09,1364.61,0.0,0.0,0.0,,2183.38,0.0,2183.38,3783.71,
CTR-0054,2023-10,2095.72,0.0,0.0,0.0,,2046.92,0.0,2046.92,5879.43,
CTR-0054,2023-11,1364.61,0.0,0.0,0.0,,1910.46,0.0,1910.46,7244.04,
CTR-0054,2023-12,2529.39,0.0,0.0,0.0,,1774.0,0.0,1774.0,9773.43,
CTR-0054,2024-01,2242.32,0.0,0.0,0.0,,1637.54,0.0,1637.54,12015.75,
CTR-0054,2024-02,2380.4,0.0,0.0,0.0,,1501.08,0.0,1501.08,14396.15,
CTR-0054,2024-03,2261.35,0.0,0.0,0.0,,1364.62,0.0,1364.62,16657.5,
CTR-0054,2024-04,1364.61,0.0,0.0,0.0,,1228.16,0.0,1228.16,18022.11,
CTR-0054,2024-05,2209.14,0.0,0.0,0.0,,1091.7,0.0,1091.7,20231.25,
CTR-0054,2024-06,1364.61,0.0,0.0,0.0,,955.24,0.0,955.24,21595.86,
CTR-0054,2024-07,2398.45,0.0,0.0,0.0,,818.78,0.0,818.78,23994.31,
CTR-0054,2024-08,2368.16,0.0,0.0,0.0,,682.32,0.0,682.32,26362.47,
CTR-0054,2024-09,1364.61,0.0,0.0,0.0,,545.86,0.0,545.86,27727.08,
CTR-0054,2024-10,2274.37,0.0,0.0,0.0,,409.4,0.0,409.4,30001.45,
CTR-0054,2024-11,1478.96,0.0,0.0,0.0,,272.94,0.0,272.94,31480.41,
CTR-0054,2024-12,1364.61,0.0,0.0,0.0,,136.48,0.0,136.48,32845.02,
CTR-0055,2023-08,2151.93,23671.23,0.0,0.0,25823.16,2438.86,0.0,2438.86,2151.93,
CTR-0055,2023-09,2151.93,21519.3,0.0,0.0,23671.23,2295.4,0.0,2295.4,4303.86,
CTR-0055,2023-10,2151.93,19367.37,0.0,0.0,21519.3,2151.94,0.0,2151.94,6455.79,
CTR-0055,2023-11,2151.93,17215.44,0.0,0.0,19367.37,2008.48,0.0,2008.48,8607.72,
CTR-0055,2023-12,2151.93,15063.51,0.0,0.0,17215.44,1865.02,0.0,1865.02,10759.65,
CTR-0055,2024-01,2151.93,12911.58,0.0,0.0,15063.51,1721.56,0.0,1721.56,12911.58,
CTR-0055,2024-02,2151.93,0.0,0.0,0.0,12911.58,0.0,0.0,0.0,15063.51,deferred_rev_written_off_no_penalty
CTR-0056,2023-03,1953.64,3907.28,0.0,0.0,46887.36,2696.02,0.0,2696.02,1953.64,
CTR-0056,2023-04,1953.64,1953.64,0.0,0.0,44933.72,2578.8,0.0,2578.8,3907.28,
CTR-0056,2023-05,1953.64,0.0,0.0,0.0,42980.08,2461.58,0.0,2461.58,5860.92,
CTR-0056,2023-06,1953.64,3907.28,0.0,0.0,41026.44,2344.36,0.0,2344.36,7814.56,
CTR-0056,2023-07,1953.64,1953.64,0.0,0.0,39072.8,2227.14,0.0,2227.14,9768.2,
CTR-0056,2023-08,1953.64,0.0,0.0,0.0,37119.16,2109.92,0.0,2109.92,11721.84,
CTR-0056,2023-09,1953.64,3907.28,0.0,0.0,35165.52,1992.7,0.0,1992.7,13675.48,
CTR-0056,2023-10,1953.64,1953.64,0.0,0.0,33211.88,1875.48,0.0,1875.48,15629.12,
CTR-0056,2023-11,1953.64,0.0,0.0,0.0,31258.24,1758.26,0.0,1758.26,17582.76,
CTR-0056,2023-12,1953.64,3907.28,0.0,0.0,29304.6,1641.04,0.0,1641.04,19536.4,
CTR-0056,2024-01,1953.64,1953.64,0.0,0.0,27350.96,1523.82,0.0,1523.82,21490.04,
CTR-0056,2024-02,1953.64,0.0,0.0,0.0,25397.32,1406.6,0.0,1406.6,23443.68,
CTR-0056,2024-03,1953.64,3907.28,0.0,0.0,23443.68,1289.38,0.0,1289.38,25397.32,
CTR-0056,2024-04,1953.64,1953.64,0.0,0.0,21490.04,1172.16,0.0,1172.16,27350.96,
CTR-0056,2024-05,1953.64,0.0,0.0,0.0,19536.4,1054.94,0.0,1054.94,29304.6,
CTR-0056,2024-06,1953.64,3907.28,0.0,0.0,17582.76,937.72,0.0,937.72,31258.24,
CTR-0056,2024-07,1953.64,1953.64,0.0,0.0,15629.12,820.5,0.0,820.5,33211.88,
CTR-0056,2024-08,1953.64,0.0,0.0,0.0,13675.48,703.28,0.0,703.28,35165.52,
CTR-0056,2024-09,1953.64,3907.28,0.0,0.0,11721.84,586.06,0.0,586.06,37119.16,
CTR-0056,2024-10,1953.64,1953.64,0.0,0.0,9768.2,468.84,0.0,468.84,39072.8,
CTR-0056,2024-11,1953.64,0.0,0.0,0.0,7814.56,351.62,0.0,351.62,41026.44,
CTR-0056,2024-12,1953.64,3907.28,0.0,0.0,5860.92,234.4,0.0,234.4,42980.08,
CTR-0057,2024-02,17654.49,179866.47,0.0,0.0,197520.96,28805.14,0.0,28805.14,17654.49,
CTR-0057,2024-03,17654.49,162211.98,0.0,0.0,181060.88,27982.14,0.0,27982.14,35308.98,
CTR-0057,2024-04,17654.49,144557.49,0.0,0.0,164600.8,27159.14,0.0,27159.14,52963.47,
CTR-0057,2024-05,17654.49,126903.0,0.0,0.0,148140.72,26336.14,0.0,26336.14,70617.96,
CTR-0057,2024-06,18016.25,108886.75,0.0,0.0,134574.72,25513.14,316.54,25829.68,88634.21,seat_add
CTR-0057,2024-07,18016.25,90870.5,0.0,0.0,117752.88,24690.14,307.5,24997.64,106650.46,
CTR-0057,2024-08,18016.25,72854.25,0.0,0.0,100931.04,23867.14,298.46,24165.6,124666.71,
CTR-0057,2024-09,18016.25,54838.0,0.0,0.0,84109.2,23044.14,289.42,23333.56,142682.96,
CTR-0057,2024-10,18016.25,36821.75,0.0,0.0,67287.36,22221.14,280.38,22501.52,160699.21,
CTR-0057,2024-11,18016.25,18805.5,0.0,0.0,50465.52,21398.14,271.34,21669.48,178715.46,
CTR-0057,2024-12,18016.25,789.25,0.0,0.0,33643.68,20575.14,262.3,20837.44,196731.71,
CTR-0058,2023-09,2124.99,23374.89,0.0,0.0,25499.88,3718.73,0.0,3718.73,2124.99,
CTR-0058,2023-10,2124.99,21249.9,0.0,0.0,23374.89,3612.48,0.0,3612.48,4249.98,
CTR-0058,2023-11,2124.99,19124.91,0.0,0.0,21249.9,3506.23,0.0,3506.23,6374.97,
CTR-0058,2023-12,2124.99,16999.92,0.0,0.0,19124.91,3399.98,0.0,3399.98,8499.96,
CTR-0058,2024-01,2124.99,14874.93,0.0,0.0,16999.92,3293.73,0.0,3293.73,10624.95,
CTR-0058,2024-02,2124.99,12749.94,0.0,0.0,14874.93,3187.48,0.0,3187.48,12749.94,
CTR-0058,2024-03,2124.99,10624.95,0.0,0.0,12749.94,3081.23,0.0,3081.23,14874.93,
CTR-0058,2024-04,2124.99,8499.96,0.0,0.0,10624.95,2974.98,0.0,2974.98,16999.92,
CTR-0058,2024-05,2124.99,6374.97,0.0,0.0,8499.96,2868.73,0.0,2868.73,19124.91,
CTR-0058,2024-06,2124.99,4249.98,0.0,0.0,6374.97,2762.48,0.0,2762.48,21249.9,
CTR-0058,2024-07,2124.99,2124.99,0.0,0.0,4249.98,2656.23,0.0,2656.23,23374.89,
CTR-0058,2024-08,2124.99,0.0,0.0,0.0,2124.99,2549.98,0.0,2549.98,25499.88,
CTR-0058,2024-09,0.0,0.0,0.0,0.0,0.0,0.0,0.0,0.0,25499.88,churn
CTR-0059,2024-03,2451.88,0.0,0.0,0.0,21866.88,2514.7,0.0,2514.7,2451.88,
CTR-0059,2024-04,1822.24,0.0,0.0,0.0,20044.64,2405.37,0.0,2405.37,4274.12,
CTR-0059,2024-05,2359.1,0.0,0.0,0.0,18222.4,2296.04,0.0,2296.04,6633.22,
CTR-0059,2024-06,1822.24,0.0,0.0,0.0,16400.16,2186.71,0.0,2186.71,8455.46,
CTR-0059,2024-07,1822.24,0.0,0.0,0.0,14577.92,2077.38,0.0,2077.38,10277.7,
CTR-0059,2024-08,1851.77,0.0,0.0,0.0,12755.68,1968.05,0.0,1968.05,12129.47,
CTR-0059,2024-09,1943.57,0.0,0.0,0.0,10933.44,1858.72,0.0,1858.72,14073.04,
CTR-0059,2024-10,2257.32,0.0,0.0,0.0,9111.2,1749.39,0.0,1749.39,16330.36,
CTR-0059,2024-11,2126.34,0.0,0.0,0.0,7288.96,1640.06,0.0,1640.06,18456.7,
CTR-0059,2024-12,2403.73,0.0,0.0,0.0,5466.72,1530.73,0.0,1530.73,20860.43,
CTR-0060,2023-07,5964.45,0.0,0.0,0.0,,16461.89,0.0,16461.89,5964.45,
CTR-0060,2023-08,5964.45,0.0,0.0,0.0,,15746.16,0.0,15746.16,11928.9,
CTR-0060,2023-09,5964.45,0.0,0.0,0.0,,15030.43,0.0,15030.43,17893.35,
CTR-0060,2023-10,5964.45,0.0,0.0,0.0,,14314.7,0.0,14314.7,23857.8,
CTR-0060,2023-11,7367.85,0.0,0.0,0.0,,13598.97,2098.08,15697.05,31225.65,seat_add
CTR-0060,2023-12,7367.85,0.0,0.0,0.0,,12883.24,2006.86,14890.1,38593.5,
CTR-0060,2024-01,7367.85,0.0,0.0,0.0,,12167.51,1915.64,14083.15,45961.35,
CTR-0060,2024-02,7367.85,0.0,0.0,0.0,,11451.78,1824.42,13276.2,53329.2,
CTR-0060,2024-03,7367.85,0.0,0.0,0.0,,10736.05,1733.2,12469.25,60697.05,
CTR-0060,2024-04,7367.85,0.0,0.0,0.0,,10020.32,1641.98,11662.3,68064.9,
CTR-0060,2024-05,7367.85,0.0,0.0,0.0,,9304.59,1550.76,10855.35,75432.75,
CTR-0060,2024-06,7367.85,0.0,0.0,0.0,,8588.86,1459.54,10048.4,82800.6,
CTR-0060,2024-07,7367.85,0.0,0.0,0.0,,7873.13,1368.32,9241.45,90168.45,
CTR-0060,2024-08,7367.85,0.0,0.0,0.0,,7157.4,1277.1,8434.5,97536.3,
CTR-0060,2024-09,7367.85,0.0,0.0,0.0,,6441.67,1185.88,7627.55,104904.15,
CTR-0060,2024-10,7367.85,0.0,0.0,0.0,,5725.94,1094.66,6820.6,112272.0,
CTR-0060,2024-11,7367.85,0.0,0.0,0.0,,5010.21,1003.44,6013.65,119639.85,
CTR-0060,2024-12,7367.85,0.0,0.0,0.0,,4294.48,912.22,5206.7,127007.7,
CTR-0061,2023-05,631.85,0.0,0.0,0.0,,1074.15,0.0,1074.15,631.85,
CTR-0061,2023-06,631.85,0.0,0.0,0.0,,1010.97,0.0,1010.97,1263.7,
CTR-0061,2023-07,631.85,0.0,0.0,0.0,,947.79,0.0,947.79,1895.55,
CTR-0061,2023-08,631.85,0.0,0.0,0.0,,884.61,0.0,884.61,2527.4,
CTR-0061,2023-09,631.85,0.0,0.0,0.0,,821.43,0.0,821.43,3159.25,
CTR-0061,2023-10,834.12,0.0,0.0,0.0,,758.25,267.45,1025.7,3993.37,tier_upgrade
CTR-0061,2023-11,834.12,0.0,0.0,0.0,,695.07,251.72,946.79,4827.49,
CTR-0061,2023-12,834.12,0.0,0.0,0.0,,631.89,235.99,867.88,5661.61,
CTR-0061,2024-01,834.12,0.0,0.0,0.0,,568.71,220.26,788.97,6495.73,
CTR-0061,2024-02,834.12,0.0,0.0,0.0,,505.53,204.53,710.06,7329.85,
CTR-0061,2024-03,834.12,0.0,0.0,0.0,,442.35,188.8,631.15,8163.97,
CTR-0061,2024-04,834.12,0.0,0.0,0.0,,379.17,173.07,552.24,8998.09,
CTR-0061,2024-05,834.12,0.0,0.0,0.0,,315.99,157.34,473.33,9832.21,
CTR-0061,2024-06,834.12,0.0,0.0,0.0,,252.81,141.61,394.42,10666.33,
CTR-0061,2024-07,834.12,0.0,0.0,0.0,,189.63,125.88,315.51,11500.45,
CTR-0061,2024-08,834.12,0.0,0.0,0.0,,126.45,110.15,236.6,12334.57,
CTR-0061,2024-09,834.12,0.0,0.0,0.0,,63.27,94.42,157.69,13168.69,
CTR-0061,2024-10,834.12,0.0,0.0,0.0,,0.09,78.69,78.78,14002.81,
CTR-0061,2024-11,834.12,0.0,0.0,0.0,,0.0,62.96,62.96,14836.93,
CTR-0061,2024-12,834.12,0.0,0.0,0.0,,0.0,47.23,47.23,15671.05,
